"LogicalRef","Name","Address","Phone","Website","Email","InCharge","City","District","Personnel","PartnerType"
"102627","LEVENT GÜMÜŞÇÜ-SİLVER COMPUTER CENTER","IŞIKTEPE MAH. FIRTINALI SOKAK NO:14 TUZCU PLAZA KAT: 3 D:6","02242569120","www.secretbilgisayar.com","ilhan@secretbilgisayar.com","İLHAN ÇİMEN","BURSA","NİLÜFER","4","Kobi"
"103556","SOFTCOM BİLGİSAYAR VE YAZILIM HİZMETLERİ SAN.TİC.LTD.ŞTİ.","MEDYA MAH.MAHABAD BULVARI 629/1 ÖNYA PARK PLAZA KAT:11 NO:51 KAYAPINAR DİYARBAKIR","04122243736","www.okansoybilgisayar.com","muharrem@okansoybilgisayar.com","MUHARREM OKANSOY","DİYARBAKIR","KAYAPINAR","4","Kobi"
"104573","RIZA ÖZEL","ALİ PAŞA MH. UZUNZEYBEK SK. 9/A","02742233444","www.silvercomputer.com","levent@silvercomputer.com","LEVENT GÜMÜŞCÜ","KÜTAHYA","MERKEZ","2","Kobi"
"10671","ARTI BİLGİSAYAR YAZILIM EĞİTİM VE DAN. - SEVGİ SOYLU","TAHILPAZARI MAH. ADNAN MENDERES BULV. 468 SK.\\nNO:8 K:5/501 PERGE APT. NO:9/4 MURATPAŞA PERGE APT. NO:9/4 MURATPAŞA","05322646292","www.anka-bilisim.com","ercan@anka-bilisim.com","ERCAN IRMAK","ANTALYA","MURATPAŞA","1","Bulut İş Ortağı, Kobi"
"10672","ARTI BİLİŞİM TEKNOLOJİLERİ BİLGİSAYAR ELEK.OTOMAS.SİS.DIŞ.TİC.PAZ.LTD.ŞTİ.","ATATÜRK BULVARI NO:105/903 KIZILAY","03124256849","www.arti-b.com/","ssoylu@arti-b.com","SEVGİ SOYLU","ANKARA","ÇANKAYA","3","Kobi"
"10814","NACİYE AYIK-ARYA BİLGİSAYAR","Yeniyol Mah Eskisaray1 Sk Nalıncı İş Mrkz No:2/31","03642252770","www.artiteknoloji.com.tr","serkan@artiteknoloji.com.tr","SERKAN ŞENAY","ÇORUM","MERKEZ","4","Kobi"
"109200","TEKNOCENTER BİLGİSAYAR YAZILIM DONANIM DANIŞMANLIK-YUSUF DOĞAN","CEVATPAŞA MAH. İNÖNÜ CAD. NO: 63/1 \\nKİRİŞÇİOĞLU-1 APT. ZEMİN KAT","02862121325","www.sahbilgisayar.com","hakanozay@hotmail.com","HAKAN ÖZAY","ÇANAKKALE","MERKEZ","3","Kobi"
"110155","TEOMET KURUMSAL BİLG. ELEK. YAZ. İLETİŞİM VE GÜV. SİST. SAN. TİC. LTD. ŞTİ.","ATATÜRK BULVARI NO:209-1 BİLGİN APT. K:4 D:8","02222240402","www.sbi.com.tr","nesrinc@sbi.com.tr","NESRİN ÇELİK","ESKİŞEHİR","ODUNPAZARI","2","Kobi"
"11185","ASCOM BİLİŞİM BİLGİSAYAR LTD. ŞTİ.","HUNAT MAHALLESI YENISU SOKAK DÜNYA İŞ MERKEZI B BLOK KAT:1 NO:3","03522226888","www.asbilgisayar.net","info@asbilgisayar.net","SELİM TİRAK","KAYSERİ","MELİKGAZİ","4","Kobi"
"113733","TUĞRUL BAŞARAN","ALTINKUM MAH. 447.SOKAK  ORHAN ASAL 3 APART. NO :1-7","02422436259","","info@teknocenter.com","YUSUF DOĞAN","ANTALYA","KONYAALTI","5","Kobi"
"114261","UĞUR BİLGİSAYAR - TURAN EKŞİ","Zübeyde Hanım Mahallesi 659. Cadde No:11/C Altındağ - ANKARA","08504508090","www.turkerlerbilgisayar.com","turkerler@turkerlerbilgisayar.com","TUĞRUL BAŞARAN","ANKARA","ALTINDAĞ","5","Çözüm Geliştirme, Kobi, Objects Çözüm Geliştirme"
"115790","UZAY ELEKTRONİK BİLGİ İŞLEM SAN VE TİC. LTD. ŞTİ","KARŞIYAKA MH. 820. SOKAK NO 67/F DAİRE : 28","04622230626","","","","TRABZON","MERKEZ","2","Kobi"
"117233","MY BİLİŞİM OTOMASYON DANIŞMANLIK HİZMETLERİ TİCARET VE SANAYİ LİMİTED ŞİRKETİ","ULUKAVAK MH. ÇEVREYOLU BULVARI NO:52 BLOK","03646660266","www.teomet.com.tr","iskender@teomet.com.tr","İSKENDER ALKAN","ÇORUM","MERKEZ","5","Kobi, Kurumsal"
"117869","RVİZYON TEKNOLOJİ BİLİŞİM YAZILIM KIRTASİYE DANIŞMANLIK SAN. VE TİC. LTD. ŞTİ.","YENİ MAH. 100.YIL BULV. CANİK APRT.  NO: NO:7 D:NO:9 KAT:1","03622020202","www.mybilisim.com.tr","finans@mybilisim.com.tr","MEHMET YAZICI","SAMSUN","CANİK","12","Kurumsal"
"118546","MESUT YALDIZ-YALDIZ BİLGİSAYAR","VARLIK MAH. YÜZÜCÜ SOKAK NO:46/1","08504201626","www.rvizyon.com","ahmet@rvizyon.com","AHMET BAL","ANKARA","*","22","Bulut Çözüm Geliştirme, Çözüm Geliştirme, Kurumsal, Objects Çözüm Geliştirme"
"119599","DMS BİLGİSAYAR YAZILIM VE İLETİŞİM SİST. SAN. VE TİC. LTD. ŞTİ.","H. HALİL MAH. A.RIZA EFENDİ CAD. 1231 SOK.  NO: 22 D: 3","02626421650","www.yaldiz.biz","mesutyaldiz@yahoo.com","MESUT YALDIZ","KOCAELİ","GEBZE","5","Kurumsal"
"120484","YILBA BİLGİ İŞLEM HİZ. A.Ş.","MENEKŞE 2 SOK. NO:31/9 KIZILAY","03124198153","www.yfbilgisayar.com","muhasebe@yfbilgisayar.com.tr","YUSUF KORKMAZ","ANKARA","ÇANKAYA","11","Kurumsal"
"12145","İSMAİL HAKKI AKAN-ATA BİLGİSAYAR","YAĞCILAR MAH. 1422 NOLU SOKAK 12/10 B LOK NO:6","05377882292","www.kartepebilisim.com","info@kartepebilisim.com","İSMAİL KARTEPE","SAKARYA","ADAPAZARI","1","Kobi"
"123264","ZİRVE BİLİŞİM BİLGİSAYAR MÜH. LTD. ŞTİ.","YILDIRIM BEYAZIT MAH.AŞIK VEYSEL BULVARI ERCİYES ÜNİVERSİTESİ TEKNOPARK BÖLGESİ 1.BİNA NO:61/17  MELİKGAZİ / KAYSERİ","03522212510","www.zirvebilisim.com.tr","netup@netup.com.tr","YAKUP ÖZER","KAYSERİ","MELİKGAZİ","9","Kurumsal"
"1247115","BRNSOFT BİLİŞİM SİSTEMLERİ ANONİM ŞİRKETİ","GÖKKUŞAĞI MAH. 1198 SK. BAHAR APT NO: 3 İÇ KAPI NO: 4","03123548103","www.brnsoft.net","info@ekseyazilim.com","BARAN ERDOĞAN","ANKARA","ÇANKAYA","1","Kobi"
"1247998","DECE GLOBAL YAZILIM BİLİŞİM MÜHENDİSLİK GIDA PAZARLAMA TİCARET İTHALAT İHRACAT ANONİM ŞİRKETİ","46.SOKAK, KANZA 1.KISIM, 1/A-C","05536185081","www.artukludanismanlik.com.tr","info@artukludanismanlik.com.tr","GÖKHAN ÇAHAN","MARDİN","*","2","Kobi"
"1248120","ORUÇ YAZILIM VE DONANIM TİCARET LİMİTED ŞİRKETİ","YENİGÜN MAH. 1072. SOK. ÇINAR SİT. A/BLOK NO :5A/1\\n\\nMURATPAŞA /ANTALYA","05057234007","www.marokiyazilim.com","gokcen@marokiyazilim.com","GÖKÇEN YILDIRIM","ANTALYA","MURATPAŞA","3","Kurumsal"
"1250145","ES BİLGİSAYAR BİLİŞİM YAZILIM GÜVENLİK SİSTEMLERİ TİCARET LİMİTED ŞİRKETİ","HOCA AHMET YESEVİ MAH. KAMAN 1. SK. NO: 11 D","05061804138","www.kozbt.com.tr","info@kozbt.com.tr","KADİR ÖZMOLULU","KAYSERİ","KOCASİNAN","3","Kurumsal"
"1250461","ES BİLGİSAYAR BİLİŞİM YAZILIM GÜVENLİK SİSTEMLERİ TİCARET LİMİTED ŞİRKETİ","YENİYOL MAHALLESİ KULAKSIZ SOKAK NO:26/C","05078286995","www.esenbilisim.com.tr","ali@esenbilisim.com.tr","ALİ İSMAİL ESEN","ÇORUM","MERKEZ","1","Kobi"
"1251835","MEHMET VAHDEDDİN EREN-EFENDİ YAZILIM","İŞ ORTAKLARI FORMU :ORUÇ YAZILIM VE DONANIM TİCARET LİMİTED ŞİRKETİ","05307110394","www.orucyazilim.com","info@orucyazilim.com","ABDÜLHAKİM ORUÇ","AFYONKARAHİSAR","MERKEZ","3","Kobi"
"1252499","FORMTEK YAZILIM LİMİTED ŞİRKETİ","SARIKÖPRÜ MAHALLESI ÖMER HALISDEMIR KÜME EVLER TEKNOPARK SITESI 31 / B-35","05325450088","www.snrteknoloji.com.tr","info@snrteknoloji.com.tr","SÜLEYMAN ŞENER","NİĞDE","MERKEZ","2","Kurumsal"
"1253607","TİNDA LLC","AZERBAİJAN, BAKU, NOBEL AVENUE 15","02242060816","https://formtekyazilim.com","gokhan.ozturk@formtekyazilim.com","GÖKHAN ÖZTÜRK","BURSA","NİLÜFER","2","Çözüm Geliştirme, Objects Çözüm Geliştirme"
"1259825","DAREN BİLİŞİM TEKNOLOJİLERİ TİCARET LİMİTED ŞİRKETİ","ALAADDİNBEY MH. 632.SK. NO:6/A","02245320396","www.niluferyazilim.com","muhasebe@niluferyazilim.com","UĞUR NALBANTOĞLU","BURSA","NİLÜFER","10","Bulut Çözüm Geliştirme, Bulut İş Ortağı, Çözüm Geliştirme, Kobi"
"1260680","SEVENHILLS CPA AUDIT AND CONSULTING LLC","CUMHURİYET MAH. FATİH SULTAN MEHMET BUL. CADDE 224 SİTESİ A\\nBLOK NO: 41A/A NİLÜFER / BURSA","02245049498","www.kodderp.com","zafer.korkmaz@kodderp.com","ZAFER KORKMAZ","BURSA","NİLÜFER","2","Çözüm Geliştirme, Objects Çözüm Geliştirme"
"1260746","SEVENHILLS CPA AUDIT AND CONSULTING LLC","2204 MORRİS AVE UNİON NEW JERSEY","9085149084","www.sevenhillscpa.com","info@sevenhillscpa.com","CENGİZ KARAKAŞ","NEWYORK","*","10","Yurt Dışı İş Ortağı"
"1261533","MERVE ÇAPAN","2.OSB TEKNOPARK C BLOK NO:58 ŞEHİTKAMİL GAZİANTEP","05536096627","www.nemesisyazilim.com","merve.capan@nemesisyazilim.com","MERVE ÇAPAN","GAZİANTEP","ŞAHİNBEY","1","Çözüm Geliştirme, Objects Çözüm Geliştirme"
"1262552","ARES DİJİTAL DÖNÜŞÜM TİCARET LİMİTED ŞİRKETİ (1)","CAMİ MAH. SİNAN SOKAK K BLOK NO:2 İÇ KAPI NO:4","05325410025","www.wmsdanismanlik.com","ayhan.cakmak@wmsdanismanlik.com","AYHAN ÇAKMAK","KOCAELİ","GEBZE","2","Fonksiyonel İş Ortağı – Depo Yönetimi"
"1265597","YK YAZILIM PROJE VE DANIŞMANLIK HİZMETLERİ TİCARET VE SANAYİ LTD.ŞTİ.","MÜCAHİTLER MAH. 5235 NOLU SOKAK NO:6","05300494440","www.profse.com","info@profse.com","SERDAR İKİZOĞLU","GAZİANTEP","ŞEHİTKAMİL","3","Çözüm Geliştirme, Objects Çözüm Geliştirme"
"1265787","ALARKO DİJİTAL TEKNOLOJİ ÇÖZÜMLERİ ANONİM ŞİRKETİ","KIZILARIK MAH. 2751 SOKAK NO:166","05355089134","ykyazilim.com.tr","info@ykyazilim.com.tr","YUNUS KÖSE","ANTALYA","MURATPAŞA","2","Çözüm Geliştirme, Objects Çözüm Geliştirme"
"127163","RASİM YÜKSEL-DSY DANIŞMANLIK VE DESTEK HİZMETLERİ","KARDELEN MAH. RENKLİEVLER SİTESİ. 2051. CAD.  15045 ADA NO:1/61 BATIKENT","03123430230","www.dsydanismanlik.com","murat@prolandbilgisayar.com","MURAT ARSLAN","ADANA","SEYHAN","4","Çözüm Geliştirme, Fonksiyonel İş Ortağı  - CRM, Fonksiyonel İş Ortağı – Depo Yönetimi, Fonksiyonel İş Ortağı – İnsan Kaynakları, Fonksiyonel İş Ortağı - İş Akış Yönetimi, Kurumsal, Objects Çözüm Geliştirme"
"1272971","BERKA BİLİŞİM TEKNOLOJİLERİ TİCARET LİMİTED ŞİRKETİ","1729 SOKAK, MERKEZ, TEKNOKENT, 5, 5/7 -","02462323362","www.zensoft.com.tr","info@zensoft.com.tr","FATİH UYSAL","ISPARTA","MERKEZ","4","Bulut Çözüm Geliştirme, Çözüm Geliştirme, LPT Çözüm Geliştirme, Objects Çözüm Geliştirme"
"127721","ÇAĞ BİLGİ TEKNOLOJİLERİ YAZILIM SANAYİ VE TİCARET ANONİM ŞİRKETİ","SİTELER MAH. 1313 SK. NO:8/21B","02422448788","http://www.zedyazilim.com/","muharrem@zedyazilim.com","MUHARREM YILDIRIM","ANTALYA","KONYAALTI","3","Kobi"
"12792","ATILIM DANIŞMANLIK BİLGİ SİSTEMLERİ YAZILIM İNŞ. SAN. VE TİC. LTD. ŞTİ.","TURAN GÜNEŞ BULVARI 701. SOKAK NO:7/8 YILDIZ NO: 7/8 YILDIZ NO: 7/8 YILDIZ NO: 7/8 YILDIZ","03124429818","www.anatolia-cte.com","alper@anatolia-cte.com","ALPER UMUT KESKİN","ANKARA","ÇANKAYA","7","Fonksiyonel İş Ortağı – İnsan Kaynakları, Kurumsal"
"1295184","INNOVATECH OTOMASYON SİSTEMLERİ SANAYİ VE TİCARET A.Ş.","ÇERKEZKÖY ORGANİZE SANAYİ BÖLGESİ 3 CADDE NO:10","02827582525","","","ÖZKAN GÖZÜBÜYÜK","TEKİRDAĞ","ÇERKEZKÖY","3","Çözüm Geliştirme, Objects Çözüm Geliştirme"
"1297053","DATASOURCE VERI YÖNETIM ÇÖZÜMLERI VE YAZILIM TEK. DAN.LTD.STI","MUSTAFA KEMAL MAH. 2139 CAD. NO: 24 İÇ KAPI NO: 19\\nÇANKAYA/ ANKARA","05335437097","www.veriyonetim.com","info@veriyonetim.com","YASİN ATMACA","ANKARA","ÇANKAYA","5","Çözüm Geliştirme, Objects Çözüm Geliştirme"
"13036","ATLANTİS BİLGİSAYAR ELEK. TİC. - FATİH SARIZ","PROF. DR. RECEP AKDAĞ CAD. NO: 1/1","08504404442","www.ascom.net.tr","ascom@ascombilgisayar.com","ALİ RIZA BEKTAŞ","ERZURUM","YAKUTİYE","10","Çözüm Geliştirme, Kobi, Objects Çözüm Geliştirme"
"1306030","Data Solutions  LLC","","+994505508805","www.datasolutions.az","elshad.eyvazli@ress.az","ESHAD EYVAZLI","BAKÜ","*","4","Yurt Dışı İş Ortağı"
"131143","PRONIC YAZILIM OTOMASYON BİLGİSAYAR ELEKT. DANIŞ. SAN. TİC. LTD. ŞTİ.","ERCİYES ÜNİ. TEKNOPARK GELİŞTİME BÖLG. İDARİ BİNASI VE İNKÜBATÖR MERK.-3 NO:321","03522212510","www.zirvebilisim.com.tr","info@zirvebilisim.com.tr","YAKUP ÖZER","KAYSERİ","MELİKGAZİ","8","Kurumsal"
"1314396","MURAT TURAN / CYBERKOD YAZILIM","DERECİK MAH. RECEP TAYYİP ERDOĞAN BULVARI NO 52 SAMSUN İLKADIM","05384456161","www.cyberkod.com","info@cyberkod.com","SALİH ULUDOĞAN","SAMSUN","İLKADIM","6","Çözüm Geliştirme, Objects Çözüm Geliştirme"
"131519","NOVOSOFT YAZILIM TEKNOLOJİLERİ BİLİŞİM SAN. VE TİC A.Ş.","KEMAL NEHROZOĞLU CAD. GOSB TEKNOPARK HİBRİT 1 B3","02627515252","www.novosoft.com.tr","ilker.er@novosoft.com.tr","ORKUN ALTINAY","KOCAELİ","GEBZE","10","Çözüm Geliştirme, Objects Çözüm Geliştirme"
"132517","KAYA SİSTEM DANIŞMANLIK VE OTOMASYON - ZAFER KAYA","BARBAROS MAH. KENTPLUS SİTESİİ A3 BLOK NO:10","","www.kayasistem.com","istemihan@bilserbilisim.com.tr","İSTEMİ HAN KARTAL","MUĞLA","BODRUM","5","Kurumsal"
"133004","MUTLU YILMAZ","DUTLUBAHÇE MH.751 SK.ARAS APT.NO:2/A","05336537744","www.bayrakbilgisayar.com","h.bayrak@bayrakbilgisayar.com","HÜSEYİN BAYRAK","ANTALYA","MURATPAŞA","3","Kobi"
"1330828","QUANTUM BTECH MMC","Ziya Bunyadov str. 1965, Baku, Azerbaijan","+994123111615","www.beitpartners.com","ahmet.dost@mr11bilisim.com","Mecid Cabbarov","BAKÜ","*","1","Yurt Dışı İş Ortağı"
"1331297","Clomerce Teknoloji Anonim Şirketi","BİLİŞİM VADİSİ, DENİZ CD. NO:143/5/75","05322445459","clomerce.com","faruk.ozturk@clomerce.com","Faruk ÖZTÜRK","KOCAELİ","GEBZE","4","Çözüm Geliştirme, Objects Çözüm Geliştirme"
"133465","SEKMAN BİLİŞİM YAZILIM EĞİTİM DANIŞMANLIK HİZMETLERİ SANAYİ VE TİCARET LTD. ŞTİ.","KASIMPAŞA MAH. GAZLIGÖL CAD. NO:115/B","02722121505","www.destekpark.com.tr","info@destekpark.com.tr","MUTLU YILMAZ","AFYONKARAHİSAR","MERKEZ","4","Kobi"
"133587","YİĞİT BİLİŞİM YAZILIM VE DAN. HİZM. - HAYATİ BULUK","REŞATBEY MAH. 62010 SOKAK CEM APT. NO:35/1","03223591718","www.sekmanbilisim.com","ugur@sekmanbilisim.com","UĞUR SEKMAN","ADANA","SEYHAN","1","Kobi"
"134182","ESOURCE BILISIM TEKNOLOJILERI DANIŞMANLIK EĞİTİM HİZMETLERİ SANAYİ VE TİCARET LTD.ŞTİ.","SEHIT ILKNUR KELES SOK.HUSEYIN BAGDATLIOGLU PLAZA NO:5/4 KOZYATAGI","03522280048","www.pronic.com.tr","muhasebe@pronic.com.tr","HÜSNE KUŞCU","KAYSERİ","MELİKGAZİ","25","Bulut İş Ortağı, Çözüm Geliştirme, Kurumsal, Objects Çözüm Geliştirme"
"1369236","GEA CODING B.V","GÖKSU MAH. GAZİ BLV. SELÇUK ECZA DEPOSU NO: 465 IÇ KAPI NO: 9 KEPEZ/ ANTALYA","02423239491","www.log10.com.tr","funda.arik@log10.com.tr","FUNDA GÜLÜN ARIK","ANTALYA","KEPEZ","8","Çözüm Geliştirme, Objects Çözüm Geliştirme"
"1371455","GEA CODING B.V","SIERENBORCH 4B 1043 BA","05327234678","","emin.karagulle@geacoding.com","Emin Karagulle","AMSTERDAM","*","1","Fonksiyonel İş Ortağı, Yurt Dışı İş Ortağı"
"1371806","TEYFİK EREN EREZ","YENİ MAH. 33158 SK. NARCAN SİTESİ B BLOK NO: 7 B İÇ KAPI NO: 4 MEZİTLİ/ MERSİN","05416244723","www.teeyazilim.com","eren@teeyazilim.com","TEYFİK EREN EREZ","MERSİN","MEZİTLİ","1","Çözüm Geliştirme, Netopenx Çözüm Geliştirme"
"138701","MEFAPEX BİLİŞİM TEKNOLOJİLERİ LİMİTED ŞİRKETİ","KONAK MAH.LEFKOŞA CAD.NO:42 ORIGAMI FLAT OFFICE KAT:6 D:44 NILÜFER/BURSA","02242370380","www.seryum.com.tr","ibrahim.ikizer@seryum.com.tr","İBRAHIM İKİZER","BURSA","NİLÜFER","28","Çözüm Geliştirme, Fonksiyonel İş Ortağı – Depo Yönetimi, Fonksiyonel İş Ortağı – İnsan Kaynakları, Kurumsal, LPT Çözüm Geliştirme, Objects Çözüm Geliştirme"
"1403842","Quantic Teknoloji Anonim Şirketi","MUALLIMKÖY MAH. DENIZ CAD. MUALLIMKÖY TTGB 1 ETAP 1.1.C1BLOK NO:148/3 İÇKAPI NO:Z01 GEBZE-İSTANBUL","05449040436","www.quanticst.com","ahmet@quanticst.com","AHMET ÖZBEY","KOCAELİ","GEBZE","1","Çözüm Geliştirme, LPT Çözüm Geliştirme"
"142114","GÖKALP BİLGİSAYAR YAZILIM PROG.VE SARF MLZ.TİC-ARİF YILDIZ","DELİVELİ MAH. MERKEZ MEVKİİ SK.NO:71/1\\nKANDIRA/KOCAELİ","05365721482","","hayatibuluk@ybbilisim.com.tr","HAYATİ BULUK","KOCAELİ","KANDIRA","2","Kobi"
"144141","AZRA İÇ VE DIŞ TİCARET - İBRAHİM ÇAKMAK","ÇAYBAŞI MAHALLESİ 1365 SK. EKTİRİR APT. NO:11/8 MURATPAŞA","02423221765","www.innovayazilim.com.tr","logo@iyb.com.tr","ORHAN ÇÖPÜROĞLU","ANTALYA","MURATPAŞA","3","Kobi"
"1446723","BERKADA BİLGİ TEKNOLOJİLERİ ŞİRKETİ LİMİTED","Lefkoşa Türk Bel./Kıbrıs","05335917543","","aykut.dulger@potanet.net","İNFO BERKADA","LEFKOŞA","LEFKOŞA","11","Kobi"
"1453255","JK YAZILIM VE DANIŞMANLIK HİZMETLERİ TİCARET LİMİTED ŞİRKETİ","MÜCAHİTLER MAH.52071 SK.MELİS APT.NO:2/A ŞEHİTKAMİL/GAZİANTEP","05426443252","","mustafa@tekinbilgisayar.net","MUSTAFA TEKİN","GAZİANTEP","ŞEHİTKAMİL","6","Kobi"
"147458","İLETİŞİM BİLGİSAYAR EĞT.GÜV.SİST.DNŞ.BKM.ONR.PAZ.SAN.VE TİC.LRD.ŞTİ.","SAHABIYE MAH. AHMET PAŞA CAD. NO:46/A","08502397930","www.iletisimbilgisayar.com","info@iletisimbilgisayar.com","ÖZGÜR ATIL ULAŞ","KAYSERİ","*","3","Kobi"
"150267","MITROSOFT INC.","İNCİLİPINAR MAH. GAZİ MUHTARPAŞA BULVARI \\nKALYON İŞ MRK. KAT:2 NO: 68","0077017448192","","azraticaret27@hotmail.com","BURHAN ÇAKMAK","ALMATİ","*","3","Yurt Dışı İş Ortağı"
"15115","A.Y.Z.YÖNETİM BİLİŞİM SİSTEMLERİ HİZMET VE TİCARET LİMİTED ŞİRKETİ","ÇAMLIK MAH.DİNÇ SK.DOĞUKAN PLAZA NO :10 İÇ KAPI NO :7 ÜMRANİYE/İSTANBUL","02164283150","www.ayz.com.tr","zekayi@atilimsoft.com","ZEKAYİ ÇETİNKAYA","SAKARYA","ADAPAZARI","3","Bulut Çözüm Geliştirme, Çözüm Geliştirme, Fonksiyonel İş Ortağı – Depo Yönetimi, Fonksiyonel İş Ortağı - İş Akış Yönetimi, Fonksiyonel İş Ortağı – İş Analitiği, Kurumsal, LPT Çözüm Geliştirme, Objects Çözüm Geliştirme"
"17577","BAYKOM BİLGİSAYAR VE İLETİŞİM HİZ. TİC. LTD. ŞTİ.","ÜÇLERBEY MAH. SERÇELİ SOKAK NO:41","03462231429","www.atlantisbilgisayar.com.tr","fatih@atlantisbilsoft.com","FATİH SARIZ","SİVAS","MERKEZ","3","Kobi"
"182203","ÇÖZÜM MARKET BİLGİSAYAR SİSTEMLERİ SAN.TİC.LTD.ŞTİ.","MAHMUDİYE MH.ZBAHCE CAD. 4819 SK.ATALAY APT.  K:2 D:4","03243360023","www.setupbilgisayar.com","zeki@setupbilgisayar.com","ZEKİ ÇIRAK","MERSİN","AKDENİZ","11","Kurumsal"
"1834","ADALYA İLETİŞİM TEKNOLOJİ GÜVENLİK SİSTEMLERİ VE BİLGİSAYAR TİCARET LTD. ŞTİ.","SERHAT MAH. 1123.CAD ASM ÖNİZ BAĞDAT PLAZA NO:3 DAİRE:133","03129631290","www.deceglobal.com.tr","info@deceglobal.com.tr","BORA DEMİR","ANKARA","YENİMAHALLE","2","Kobi"
"186459","TEMASOFT BİLİŞİM YAZILIM PROJE DAN. LTD. ŞTİ.","KONUTKENT MAH. 3035.CAD NO:74 B BLOK NO:26","03122211145","www.temasoft.com.tr","erdem@anatoliayazilim.com.tr","ERDEM YILDIZ","ANKARA","ÇANKAYA","17","Çözüm Geliştirme, Fonksiyonel İş Ortağı – İnsan Kaynakları, Kurumsal, LPT Çözüm Geliştirme, Objects Çözüm Geliştirme"
"18777","EMRAH ÇAY-BERNET BİLİŞİM YAZILIM","MİMARSİNAN MH. ZAMANTI SK. NO:17/C KOCASİNAN/KAYSERİ","08502075002","www.mhbilisim.com","mhasbahceci@mhbilisim.com","MUSTAFA HASBAHÇECİ","KAYSERİ","KOCASİNAN","1","Kobi"
"1938","ADRES BİLGİ İŞLEM TİC.LTD.ŞTİ.","DUTLUBAHÇE MH. 773 SK. SEÇKIN İŞ MERKEZI NO: 17 KAT: 2 D: 5 NO: 25/2 MERKEZ","02422449323","www.adalyateknoloji.com","fatih@adalyateknoloji.com","FATİH EROĞLU","ANTALYA","MURATPAŞA","6","Kobi"
"195194","SOFTWORLD COMPANY","ITALIAN CITY 1 NO :165 ERBIL IRAQ","+9647503642727","","mehmet@arzengroup.com","MEHMET PARLAKSOY","ERBİL","*","7","Yurt Dışı İş Ortağı"
"19967","BİLGİBANK BİLGİSAYAR DAN.VE EĞT.MERK.ÖZDEN KILIÇ CENGİZ","MUSTAFA KEMAL MH., ÇANKAYA, KOÇAK PLAZA, 5/17, 5/17","03124312275","www.besyildizbilgisayar.com","mehmet@besyildizbilgisayar.com","MEHMET ALİ BABUCCU","ANKARA","ÇANKAYA","2","Kobi"
"201329","MUHTEŞEM LALE SİPAHİOĞLU","ATATÜRK MAHALLESİ CANDARLIZADE İBRAHİMPAŞA CADDESİ NO:10 DAİRE:3","05436698349","","yonder@yonderbd.com","TURGAY PÖSTEKİ","TEKİRDAĞ","SÜLEYMANPAŞA","3","Kobi"
"20271","BİLİŞİM BİLGİSAYAR YAZILIM VE DONANIM HİZMETLERİ SANAYİ VE TİCARE LİMİTED ŞİRKETİ","RIFAT AYAYDIN CADDESİ NO:14/3 MENTEŞE - MUĞLA","05322611945","www.bernet.com.tr","bernetlogo@gmail.com","EMRAH ÇAY","MUĞLA","MENTEŞE","5","Bulut İş Ortağı, Kobi"
"20328","BİLKER BİLGİSAYAR DONANIM VE YAZILIM HİZMETLERİ SANAYİ TİCARET LİMİTED ŞİRKETİ","ORDU CADDESİ, ATLI APARTMANI, 89, 1","03224542626","www.bilisimsoft.com.tr","mustafa@adanabilisim.com","MUSTAFA GANZA","ADANA","SEYHAN","12","Kurumsal"
"20438","BİLNET ELEKTRONİK VE BİLGİSAYAR HİZMETLERİ LİMİTED ŞİRKETİ","SİTELER ALTINAY CD. N:46/A SİTELER","03123503088","","haluk@oymaci.com","HALUK OYMACI","ANKARA","ALTINDAĞ","3","Kobi, Kurumsal"
"20510","YAVUZ KAŞOĞLU-BİLSANET TEKNOLOJİ SANAYİ VE TİCARET","KAVAKLI MAH İSTANBUL CAD.NO:27 MEYDAN KAVAKLI EVLERİ A BLOK KAT: 5 D:17 BEYLİKDÜZÜ","02128542280","www.bilsanet.com","mehmet.bircan@gizateknoloji.com","MEHMET BİRCAN","GAZİANTEP","ŞEHİTKAMİL","9","Kobi"
"210648","MEHMET KOCA OSMAN ÖZEL ORTAKLIĞI-BİLMEX BİLGİSAYAR","GEVHERNESIBE MAH. GÖK GEÇIDI SOK MESTAŞ TEĞIN PLAZ, GEVHERNESIBE MAH. GÖK GEÇIDI SOK MESTAŞ TEĞIN PLAZ, MESTAJ TEGIN PLAZA, 12/B, 12/B","03522321090","www.fabbilgisayar.com","kerem@fabbilgisayar.com","KEREM KAÇAK","KAYSERİ","KOCASİNAN","3","Kobi"
"21478","BİSTEK BİLİŞİM VE OTOMASYON PROJE TAAH. TANITIM TURZ. REKLAM GIDA MADDE. SAN. VE","İSMETPAŞA MAH. İLERİ SOK. NO:3-5/B","02862138923","www.2138923.com","atabilgisayar@hotmail.com","İSMAİL HAKKI AKAN","ÇANAKKALE","MERKEZ","3","Kobi"
"22706","BSY BİLGİ SİSTEMLERİ YAZILIM DANIŞMANLIK SANAYİ VE TİCARET LİMİTED ŞİRKETİ","ULUYOL KIBRIS SEHİTLERİ CAD., no:75/a, ULUYOL KIBRIS SEHİTLERİ CAD., no:75/a","02242531300","www.bursabil-net.com","info@bursabil-net.com","SEDAT AÇIKGÖZ","BURSA","OSMANGAZİ","4","Kurumsal"
"22707","BARKOSOFT BARKOD VE BİLİŞİM TEKNOLOJİLERİ YAZILIM SAN. TİC. LTD. ŞTİ.","HÜRRİYET MAH 1782. SK NO 2 DAİRE 1-2","03243242111","www.barkosoft.com.tr","bilgi@barkosoft.com.tr","ÖZKAN PAŞA","MERSİN","YENİŞEHİR","11","Çözüm Geliştirme, Objects Çözüm Geliştirme"
"22849","BSY BİLGİ SİSTEMLERİ YÖN. DAN. HİZ. ELEK. SAN. VE TİC. A.Ş","ATA BULVARI, GÜZEL TOVER, 17","05555555555","www.bsy.com.tr","bilgi@barkosoft.com.tr","NURSEL TETİKCAN","BURSA","NİLÜFER","11","Çözüm Geliştirme"
"246377","ARTI BİLİŞİM VE DESTEK HİZMETLERİ - HALİS BİROL AYDOĞAN","Damlar Mah. Alacahan Sk. Ihlamur Konakları 7-B BAŞİSKELE - Kocaeli","05324608118","www.soydanbilisim.com","salihsoydan@gmail.com","SALIH SOYDAN","KOCAELİ","BAŞİSKELE","1","Kobi"
"251164","İNTEGRAL YAZILIM VE DANIŞMANLIK BİLG.SAN.VE TİC.LTD.ŞTİ.","23 NİSAN MH.MİTHATPAŞA CD.OFİS GÖKÇADIR İŞ MERKEZİ NO:29","02242723578","www.integralyazilim.com.tr","info@gazibilisim.com.tr","EYÜP KINAY","BURSA","NİLÜFER","14","Bulut Çözüm Geliştirme, Çözüm Geliştirme, Fonksiyonel İş Ortağı – İş Analitiği, Kurumsal, Objects Çözüm Geliştirme"
"27926","NOS BİLGİSAYAR VE GÜVENLİK TEK.İNŞ.SAN.VE DIŞ TİC.LT","SAĞLIK 1 SOKAK NO : 19/17 YENİŞEHİR ÇANKAYA","03124478166","www.bsybilgi.com.tr","ferhatk@bsybilgi.com.tr","HARUN DİNÇER","ANKARA","ÇANKAYA","6","Kurumsal"
"287042","TREX DİJİTAL AKILLI ÜRETİM SİSTEMLERİ ANONİM ŞİRKETİ","19 MAYIS MAH. TUTKU CAD. NO: 10","02244443468","www.trex.com.tr","asistan@trex.com.tr","TURGAY GÜMÜŞDERE","BURSA","NİLÜFER","15","Çözüm Geliştirme, Objects Çözüm Geliştirme"
"29258","ÇÖZÜM DÜNYASI BİLGİ İŞLEM EĞİTİM VE DAN. HİZ.- GÜNGÖR GÜRSOY","KONAK MAH. SÜLEYMAN DEMİREL BULV. NO.82/A","02483258970","","selcuk@bucakbilgisayar.com","SELÇUK GÜN","BURDUR","BUCAK","7","Kurumsal"
"297377","YEŞİLMAVİ YAZILIM - MUZAFFER BAYRAMOĞLU","Omü Kurupelit Kampüsü Körfez Mh. 19 Mayıs Kümesi Kümeevler No:188/54-55 (Samsun Teknopark)\\n\\nAtakum - Samsun","03623333511","","muzaffer@yesilmaviyazilim.com","MUZAFFER BAYRAMOĞLU","SAMSUN","MERKEZ","3","Çözüm Geliştirme, Objects Çözüm Geliştirme"
"297423","PRONİST YAZILIM DANIŞMANLIK SAN. VE TİC. A.Ş.","ORUÇREIS MAH. TEKSTILKENT CD. A21 BLOK NO:32","05323142070","www.integralyazilim.com.tr","efatura@integralyazilim.com.tr","TURGAY ŞAHİN","BURSA","NİLÜFER","8","Çözüm Geliştirme, Fonksiyonel İş Ortağı  - CRM, Kurumsal, Objects Çözüm Geliştirme"
"297927","KARESİS BİLİŞİM TEKNOLOJİLERİ YAZILIM VE DAN. - SELÇUK IŞIK","4005 SOK., MANAVGAT, 12, A","05327469097","www.bilmex.net","info@bilmex.net","MEHMET KOCA","ANTALYA","MANAVGAT","3","Kobi"
"299722","ZİRVE ÇÖZÜM BİLİŞİM LİMİTED ŞİRKETİ","MÜSKEBİ MAHALLESİ KONGRE SOKAK NO:11","05335276767","www.apluscozum.com","hayrettin.gencay@gmail.com","HAYRETTİN GENÇAY","MUĞLA","BODRUM","1","Kurumsal"
"29974","DATAES BİLGİSAYAR SİSTEMLERİ ANONİM ŞİRKETİ","BAHÇELIEVLER MAH. PEYAMI SEFA SOK. BAŞARI APT. A BLOK 21/4","03622310706","www.bistek.com.tr","bilgi@bistek.com.tr","UFUK İSKELELİ","SAMSUN","İLKADIM","4","Kobi"
"30019","DATA-NET BİLGİSAYAR İLETİŞİM ELEK. SAN. VE TİC. LTD. ŞTİ.","MENDERES MAH.35435 SK.SARGÜLAPT KAT:8/11","03243372000","www.datamer.net","datamer@datamer.net","MUSA ULAŞ","MERSİN","MEZİTLİ","15","Çözüm Geliştirme, Kurumsal, Objects Çözüm Geliştirme"
"30055","DATATEK YAZILIM BİLGİSAYAR İTHALAT İHRACAT SANAYİ TİCARET LİMİTED ŞİRKETİ","VİŞNELİK MAH. ÜNAL SK. NO: 16 A ODUNPAZARI/","02222330801","www.dataes.com.tr","mtoy@dataes.com.tr","MEHMET TOY","ESKİŞEHİR","ODUNPAZARI","5","Kobi"
"30219","DEBİSOFT BİLGİSAYAR YAZ.DAN.ARAŞTIRMA GELİŞTİRME ELEKT.OTOMOSYON İTH.İHR.İMAL.SAN.VE TİC.LTD.ŞTİ.","CEMALPAŞA MH. 63012 SK. NO: 14 MURAT APT. KAT: 1 DAİRE: 4","03228890009","www.debisoft.net","ihsan@debisoft.net","İHSAN YILDIZ","ADANA","SEYHAN","8","Bulut İş Ortağı, Çözüm Geliştirme, Fonksiyonel İş Ortağı – Depo Yönetimi, Kobi, Kurumsal, Objects Çözüm Geliştirme"
"302267","SON NOKTA BİLİŞİM TEKNOLOJİLERİ SAN. VE TİC. LTD. ŞTİ.","GÜNGÖREN MAH. MUHTAR ZİYA CAD. ZİND ZER İŞ MERKEZİ NO : 2 - 6 A İÇ KAPI NO : 179 TAŞDELEN","02165406424","https://www.sonnoktabilisim.com/","aykut.dulger@tetraport.com","AYKUT NURI DÜLGER","KOCAELİ","ATAŞEHİR","30","Bulut Çözüm Geliştirme, Bulut İş Ortağı, Çözüm Geliştirme, Kurumsal, Objects Çözüm Geliştirme"
"30292","YÖNETİLEN BİLGİ SİSTEMLERİ ANONİM ŞİRKETİ","BAHÇELİEVLER MAH.MERT SK.N:2/7","05336361535","www.elitbilisim.com.tr","fulya@elitbilisim.com.tr","FULYA ÇAKMAK","SAMSUN","İLKADIM","3","Kobi, Kurumsal"
"309274","DATAKOD BİLGİSAYAR KONT. OTOM. TANIM. SİS. SAN. TİC. A.Ş.","1458. SOKAK 9/25 ÇUKURAMBAR","05332584288","www.ordata.com.tr","ayhan.oralli@ordata.com.tr","AYHAN ORALLI","ANKARA","ÇANKAYA","2","Bulut Çözüm Geliştirme, Çözüm Geliştirme, LPT Çözüm Geliştirme, Objects Çözüm Geliştirme"
"312209","AKİF FAKIOĞLU","KARAOĞLAN MAH BALIKAVDAN SOKAK NO 43/2","02662434143","","selcuk@karesis.net","SELÇUK IŞIK","BALIKESİR","BALIKESİR","3","Kobi"
"312237","BİRTEKNOLOJİ BİLİŞİM DANIŞMANLIK VE YAZILIM HİZMETLERİ DIŞ TİCARET LİMİTED ŞİRKETİ","Ulubaş Caddesi, 30, 1","02123277047","www.analizyazilim.com","alikose@analizyazilim.com","ALİ KÖSE","ANKARA","ÇANKAYA","4","Çözüm Geliştirme, Kurumsal, Objects Çözüm Geliştirme"
"314","3PLUSPC BİLGİSAYAR DANIŞMANLIK HİZMET YAZILIM ÖZEL EĞİTİM İMALAT SAN. VE TİC. LTD. ŞTİ.","Balcalı Mah. Güney Kampüs/5 Sk. TEKNOKENT NO:4   No: İç Kapı No: 203/B","03224583883","www.3pluspc.com","ismail.uysal@3pluspc.com","İSMAİL UYSAL","ADANA","SARIÇAM","11","Fonksiyonel İş Ortağı  - CRM, Kurumsal"
"32103","DESTEK YAZILIM BİLGİSAYAR HİZMETLERİ SANAYİ VE TİCARET LİMİTED ŞİRKETİ","3. SOKAK, MERKEZ, MERKEZ PLAZA, NO:24, 24","04462240003","","yakup@ecozumbilgisayar.com","YAKUP ZAFER YURT","ERZİNCAN","MERKEZ","3","Kobi"
"32107","DESTEK BİLGİSAYAR İLET. OTOM. SİST. VE DAN. HİZM. YAZ. SAN. VE TİC. LTD. ŞTİ.","CEMALPAŞA MH. 63012 SK. NO: 14 MURAT APT. KAT: 1 DAİRE: 4","03228890009","www.debisoft.net","ihsan@debisoft.net","İHSAN YILDIZ","ADANA","SEYHAN","8","Bulut İş Ortağı, Çözüm Geliştirme, Fonksiyonel İş Ortağı – Depo Yönetimi, Kobi, Kurumsal, Objects Çözüm Geliştirme"
"324976","TERAPİ YAZILIM SAN. VE TİC. LTD. ŞTİ.","GÖRÜKLE MAH. UNİVERSİTE-1 CAD. ULUTEK TEKNO YAZILI","02242717580","www.terapiyazilim.com","muhasebe@terapiyazilim.com","MEHMET AKKAYA","BURSA","NİLÜFER","23","Bulut Çözüm Geliştirme, Çözüm Geliştirme, Fonksiyonel İş Ortağı  - CRM, Kurumsal, LPT Çözüm Geliştirme, Objects Çözüm Geliştirme"
"32583","DİJİTAL SİSTEM TEKNOLOJİK HİZ. TİC. LTD. ŞTİ.","HAMİDİYE MAH. CENGİZ TOPEL CAD. VEHİBE APT.  NO:7/1","03242372161","www.dijitalsistem.com","sertac@dijitalsistem.com","SERTAÇ BÜYÜKOĞLU","MERSİN","AKDENİZ","7","Çözüm Geliştirme, Fonksiyonel İş Ortağı - İş Akış Yönetimi, Kurumsal, Objects Çözüm Geliştirme"
"32953","DOĞA YAZILIM DANIŞMANLIK VE BİLİŞİM SİSTEMLERİ SANAYİ TİCARET LİMİTED ŞİRKETİ","HACETTEPE MAHALLESİ TALATPAŞA BULVARI NO:113/17","03124350030","www.destekyazilim.com.tr","cengizcaglarr@gmail.com","CENGİZ ÇAĞLAR","ANKARA","ALTINDAĞ","4","Kobi"
"330266","ROTASİST YAZILIM DESTEK VE PROJE ÇÖZÜMLERİ TİCARET LİMİTED ŞİRKETİ","GÖRÜKLE MAH. UNİVERSİTE-1 CAD. ULUTEK TEKNO YAZILI","02242717580","www.terapiyazilim.com","muhasebe@terapiyazilim.com","MEHMET AKKAYA","BURSA","NİLÜFER","23","Bulut Çözüm Geliştirme, Çözüm Geliştirme, Fonksiyonel İş Ortağı  - CRM, Kurumsal, LPT Çözüm Geliştirme, Objects Çözüm Geliştirme"
"33226","DİZAYN ORGANİZASYON REKLAM BİLGİSAYAR SAN. TİC. LTD. ŞTİ.","YENİŞEHİR MAH. KARDEŞLER CAD. CUMHURİYET TEKNOKENT NO:7/2/206-208","03462246171","www.dizayn.net.tr","info@dizayn.net.tr","HASAN BASRİ KOÇ","SİVAS","MERKEZ","8","Kurumsal"
"33237","DİZAYN GRUP İÇ VE DIŞ TİC.LTD.ŞTİ.","OSTİM OSB MAH. ALINTERİ BLV. NO: 23 İÇ KAPI NO: 115 YENİMAHALLE/ ANKARA","03462246171","www.dizayn.net.tr","info@dizayn.net.tr","HASAN BASRİ KOÇ","SİVAS","MERKEZ","8","Kurumsal"
"337120","İDEAL COMPUTER SOFTWARE - HASAN TURAN","Şekerhane Mah. Eczacılr Cad. Fakıoğlu İşh.","02425129990","www.akif.com.tr","akiffakioglu@gmail.com","AKİF FAKIOĞLU","ANTALYA","*","1","Bulut Çözüm Geliştirme, Çözüm Geliştirme, Kobi"
"33797","DOĞRU YAZILIM PROGRAMLAMA  PAZARLAMA DANIŞMANLIK VE BİLGİSAYAR SANAYİ VE TİCARET LİMİTED ŞİRKETİ","ÇANKAYA MAH. 4728 SOKAK TAFLAN İŞ HANI NO:27 KAT:3/10","03242378586","www.destekbilgisayar.com.tr","erhan@destekbilgisayar.com.tr","ERHAN AKARCAN","MERSİN","AKDENİZ","7","Kurumsal"
"341407","SEVEROĞLU BİLGİSAYAR VE YAZILIM - MEHMET SERKAN SEVEROĞLU","DURAK MH. TAHSİN BURUK CD. ŞIHLAR 1. SK. NO:13/B","02746141453","www.idealcomputersoftware.com","hsntrn@gmail.com","HASAN TURAN","KÜTAHYA","TAVŞANLI","1","Kobi"
"342964","İMGESOFT YAZILIMEVİ LTD.ŞTİ-LOGO","GÜVENEVLER MAH.CİNNAH CADDESİ 12/3","08503464643","","info@imgesoft.com.tr","ÜMİT KOÇAK","ANKARA","ÇANKAYA","11","Bulut Çözüm Geliştirme, Çözüm Geliştirme, Objects Çözüm Geliştirme"
"345971","ALPHAN YAZILIM DANIŞMANLIK LTD.ŞTİ.","KÜLTÜR MH. TPAO BULVARI NO:150","04882140000","www.zirvecozum.com","omer.batin@zirvecozum.com","ŞIFA IŞIK","BATMAN","BATMAN","8","Kobi"
"35568","EBAT BİLİŞİM HİZMETLERİ - AYTAÇ BAKMAZ","EMİNE KESKİNER HALK KÜTÜHANESİ YANI","03288137755","www.dogusbilgisayar.com.tr","suleyman@dogusbilgisayar.com.tr","SÜLEYMAN EVCİL","OSMANİYE","MERKEZ","6","Kobi"
"35633","AYKUT SİNAN EŞ-EBS BİLGİSAYAR SİSTEMLERİ VE BİLGİ TEKNOLOJİLERİ","İSTİKLAL CAD. BAHÇE MAH. NO:106 BAKKAL ABİT APT. KAT:2 NO:4","03242316709","www.ebatbilisim.com","basri@ebatbilisim.com","BASRİ BAKMAZ","MERSİN","AKDENİZ","12","Kobi"
"35938","EDS BİLGİ İŞLEM SANAYİ VE TİCARET LİMİTED ŞİRKETİ","KÜÇÜKBAKKALKÖY MAHALLESİ IRMAK SK. GÜNEY İŞ MERKEZİ  NO:3KAT:1","02242491013","","muhasebe@dogruyazilim.com","FATMA GÜLSÜM GARIP","BURSA","NİLÜFER","58","Çözüm Geliştirme, Kurumsal, Objects Çözüm Geliştirme"
"359392","PRESTO BİLİŞİM DANIŞMANLIK HİZMETLERİ TİCARET LİMİTED ŞİRKETİ","KARŞIYAKA MAHALLESI ADNAN MENDERES BULVARI TÜRKAN HANIM APARTMANI 48-1 NO:35  KUMLUCA ANTALYA","05332439190","www.alphanyazilim.com.tr","turgutkaracoban@gmail.com","TURGUT KARAÇOBAN","ANTALYA","KUMLUCA","3","Kobi"
"36751","EKİN ENFORMASYON SİSTEMLERİ SAN. TİC. LTD. ŞTİ.","OSTİM MAHALLESİ 1308. SOKAK NO:9/21 OSTİM KENT1 SİTESİ V BLOK DAİRE 1","03123856590","www.ebsbilgisayar.com","efatura@ebsbilgisayar.com","AYKUT SİNAN","ANKARA","YENİMAHALLE","10","Bulut Çözüm Geliştirme, Çözüm Geliştirme, Kobi"
"367700","ÖMER KAMAN-3E BİLİŞİM","ŞAZIBEY MAH 64002 SOKAK DILSUDE SITESI C BLOK KAT:2 NO.5 ONIKIŞUBAT KAHRAMANMARAŞ","08505320046","www.profsis.com","harun@profsis.com","Harun FİŞEKCİ","KAHRAMANMARAŞ","ONİKİŞUBAT","5","Kurumsal"
"37323","EKSPERCE BİLGİSAYAR VE BİLGİ İŞLEM SANAYİ VE TİCARET LİMİTED ŞİRKETİ","MEYDAN MAH. MİTHATPAŞA CAD. VEHBİ BEY APT.  NO:46","02742741274","www.ekinbilisim.com","mehmet@ekinbilisim.com","MEHMET EKİN","KÜTAHYA","MERKEZ","2","Kobi"
"373265","TEKNOR MÜHENDİSLİK BİLİŞİM SİSTEMLERİ GIDA SAN.TİC. A.Ş.","MÜCAHİTLER MAH. 52052 SOK. NO: 9/A","03422202838","www.probis.com.tr","umit.tatar@probis.com.tr","ÜMİT TATAR","GAZİANTEP","ŞEHİTKAMİL","5","Kurumsal"
"37527","MÜRVET VİLDAN GÜRCAN-ELBİTEK BİLİŞİM VE YAZILIM HİZMETLERİ","MİTHATPAŞA MAH. ALEMDAR CAD. ÇIKRIKÇI-1 İŞHANI K:3 NO:8","03722535825","www.eksperce.com.tr","eksperce@eksperce.com.tr","ERDİNÇ TUNCAY ALTUN","ZONGULDAK","MERKEZ","4","Kobi"
"37593","ELEKTRA BİLİŞİM BİLGİSAYAR YAZ. VE DAN. LTD.ŞTİ.","YENI BATI MAH.2396 SOKAK NO:8 YENIMAHALLE","03124685346","www.elektrabilisim.com.tr","fuatdilek@elektrabilisim.com.tr","FUAT DİLEK","ANKARA","YENİMAHALLE","9","Kurumsal"
"382258","NORA BİLİŞİM TEKNOLOJİLERİ İÇ VE DIŞ TİCARET LİMİTED ŞİRKETİ","GEVHER NESİBE MAH. İSTASYON CAD. CAMLI IŞ MERKEZI NO: 25 İÇ KAPI NO: 33 KOCASİNAN/ KAYSERİ","03522321917","www.sehabilisim.net","info@sehabilisim.net","BEKİR KAMAN","KAYSERİ","KOCASİNAN","7","Kurumsal"
"384485","EKOR BİLGİ SİSTEMLERİ YAZILIM VE DONANIM - ORHAN BABA","İNCILIPINAR MH. GAZIMUHTARPAŞA BULVARI NO:38 DOKTORLAR SITESI D BLOK   3.KAT  NO:301","03423220690","www.severoglubilgisayar.com","serkan@severoglubilgisayar.com","SERKAN SEVEROĞLU","GAZİANTEP","ŞEHİTKAMİL","1","Kobi"
"39459","E.N.G. BİLGİSAYAR BİLGİ İŞLEM LTD.ŞTİ.","YENI BATI MAH.2396 SOKAK NO:8 YENIMAHALLE","03124685346","www.elektrabilisim.com.tr","fuatdilek@elektrabilisim.com.tr","FUAT DİLEK","ANKARA","YENİMAHALLE","9","Kurumsal"
"396220","ARMİN DANIŞMANLIK BİLİŞİM VE EĞİTİM HİZMETLERİ LİMİTED ŞİRKETİ","AŞAĞI ÖVEÇLER MAH. ŞEHİT KADİR BÜYÜKKIZMAZ SOKAK NO:11/31","03522251300","www.teknorbilisim.com","mehmet.boyraz@teknorbilisim.com.tr","MEHMET BOYRAZ","KAYSERİ","KOCASİNAN","24","Bulut Çözüm Geliştirme, Çözüm Geliştirme, Kurumsal, LPT Çözüm Geliştirme, Objects Çözüm Geliştirme"
"398347","SERDAR ÇELİK-ATAK BİLGİSAYAR","YIRMIIKIGUN MAH. 91041.SOKAK NO:12/16","05161642046","www.v-efendi.com","vahdet@v-efendi.com","MEHMET VAHDEDDİN EREN","KAHRAMANMARAŞ","ONİKİŞUBAT","1","Kobi"
"39851","EOS SİSTEM BİLİŞİM TEK. SAN. TİC. LTD. ŞTİ.","ALTINŞEHİR MAH. 207(280) SK. NO:87/1B","02242725758","www.engbilgisayar.com","gokhan@engbilgisayar.com","M GÖKHAN AYDIN","BURSA","OSMANGAZİ","8","Çözüm Geliştirme, Kurumsal, Objects Çözüm Geliştirme"
"40907","EREĞLİ BİLİŞİM SİSTEMLERİ - ÖZKAN MALHATUN","OSTİM OSB. MH. CEVAT DÜNDAR CAD. KAVACIKLI İŞ MRK., 15/50","03123098388","https://www.datatek.com.tr","mustafa@datatek.com.tr","MUSTAFA DEMİR","ANKARA","YENİMAHALLE","2","Kobi"
"427498","ANALİZ COMPUTER CESİM LTD.","FENER MAH. BÜLENT ECEVİT BLV. GRAND DUKE İŞ MERKEZİ A NO: 75 İÇ KAPI NO: 205 MURATPAŞA/ ANTALYA","02423118445","","satis@prestobilisim.com.tr","EBRU METİN","ANTALYA","MURATPAŞA","7","Kobi"
"42803","ESBİ BİLİŞİM VE TELEKOMÜNİKASYON SANAYİ VE TİCARET LİMİTED ŞİRKETİ","YENİ SAKARYA CAD. YENİ MAH. 2033 SOKAK NO:325","03423221935","www.erisimotomasyon.com","eyup.kavci@erisimotomasyon.com","EYÜP KAVCI","GAZİANTEP","ŞAHİNBEY","15","Kurumsal"
"42839","BULDEN BİLGİSAYAR EGİTİM MER.OTO.YED.PAR.SAN.LTD.ŞTİ.","KOOPERATİF MAH.1715 SOK.NO:10/B","04842241717","","sozturk@bsy.com.tr","BÜLENT DENİZ","BURSA","NİLÜFER","16","Kobi"
"442684","FATİH SELÇUK-FATİH BİLİŞİM","TOPHANE MAH. ATATÜRK CAD. TEVFİK MATARACI İŞ HANI NO:355/307  KAT:3","04642500202","www.bilisim53.com","kurloz@hotmail.com","FATİH SELÇUK","RİZE","ADANA","3","Kobi"
"443817","PARK NET PROJE DANIŞMANLIK YAZILIM SANAYİ VE TİCARET LİMİTED ŞİRKETİ","ALİRİZA EFENDİ CADDESİ  VAKIFLAR İŞ HANI NO:51","003922288404","www.analiz.net","info@analiz.net","MEHMET CİVİSİLLİ","LEFKOŞA","LEFKOŞA","5","Çözüm Geliştirme, Kobi, Kurumsal, Objects Çözüm Geliştirme"
"47089","NFD YAZILIM BİLGİSAYAR DANIŞMANLIK İNŞAAT SANAYİ VE TİCARET LİMİTED ŞİRKETİ","YENİ SAKARYA CAD. YENİ MAH. 2033 SOKAK NO:325","02647771666","www.esbi.com.tr","muhasebe@esbi.com.tr","LEVENT KIRIK","SAKARYA","ERENLER","16","Bulut Çözüm Geliştirme, Bulut İş Ortağı, Çözüm Geliştirme, Kurumsal, Objects Çözüm Geliştirme"
"47406","OSMAN KILINÇ-GENÇ BİLGİSAYAR","KARAÇAYIR MAH. GÜLEZ SOK. ŞEREMENT APT. NO:7","03742179290","www.eurotech.com.tr","info@eurotech.com.tr","MAZHAR BOZOĞLU","BOLU","MERKEZ","4","Kobi"
"48910","GÖKNİL BİLGİSAYAR YAZILIM SANAYİ VE TİCARET LTD.ŞTİ.","AKSE MAH. 69. SK. PANOROMA SIT.  NO:77/41  ÇAYIROVA/KOCAELİ”","02627210202","www.nfd.com.tr","necdet@nfd.com.tr","NECDET AYHAN","KOCAELİ","GEBZE","16","Kurumsal"
"489150","BİLGE GRUP YAZILIM TEKNOLOJİ HİZMETLERİ TİCARET LİMİTED ŞİRKETİ","YENİ MAH. LALE CAD. KOPARAN SOK. NO:2/F MERKEZ/NEVŞEHİR","03842139995","https://www.han.com.tr","cansel@han.com.tr","CANSEL YURTTUTAN","NEVŞEHİR","MERKEZ","2","Kobi"
"496","5A BİLGİSAYAR ELEKTRONİK TURİZM SAN. VE TİC. LTD. ŞTİ.","İSMET KAPTAN MAH.ŞAİR EŞREF BLV.NO:26/81 ÇANKAYA","02324458059","www.5a.com.tr","ismail.uysal@3pluspc.com","İSMAİL UYSAL","ADANA","SARIÇAM","11","Bulut Çözüm Geliştirme, Çözüm Geliştirme, Kurumsal, Objects Çözüm Geliştirme"
"496160","EGEBİMTES BİLGİ TEKNOLOJİLERİ SAN. TİC.A.Ş","KIŞLA MAH. 51. SOKAK 7/202  GREEN PLAZA MURATPAŞA-ANTALYA","02422442891","www.atalyabilisim.com","mustafaturan@atalyabilisim.com","MUSTAFA TURAN","ANTALYA","MURATPAŞA","4","Kobi"
"496162","ADAPA BİLGİ SİSTEMLERİ TURIZM SAN. VE TİC. A.Ş.","İSMET KAPTAN MAHALLESI, 1370 SOKAK, NO: 42,YALAY İŞ MERKEZI KAT: 6 DAIRE: 61-62 KONAK / İZMIR","02324625959","www.adapa.com.tr","selcuk@sedas.com.tr","SELAMİ ARIK","KAYSERİ","KOCASİNAN","21","Çözüm Geliştirme, Kobi, Netopenx Çözüm Geliştirme"
"496167","NEFA YAZILIM MİM.MÜH.ELEK.İNŞ.EMLAK BİL.DAN.SAN. VE TİC.LTD.ŞTİ.","AKDENİZ ÜNİV. KAMPÜSÜ ANTALYA TEKNOKENT ARGE 1 BİNASI ZEMİN KAT NO:2","02422260602","http://www.nefayazilim.com.tr/","yigit.ozcifci@biltas.com.tr","İLKER ÖZEN","ANTALYA","KONYAALTI","24","Kurumsal"
"496178","ERBİL BİLGİSAYAR BÜRO MAK.SAN TİC LTD.ŞTİ.","AKDENİZ ÜNİV. KAMPÜSÜ ANTALYA TEKNOKENT ARGE 1 BİNASI ZEMİN KAT NO:2","02422260602","http://www.nefayazilim.com.tr/","saliha@nefayazilim.com.tr","İLKER ÖZEN","ANTALYA","KONYAALTI","6","Kurumsal"
"496181","SİSBİM TEKNOLOJİ VE YAZILIM A.Ş.","KAZIM DİRİK MAH. 296/1 SOK. NO :2","03522224636","www.infometri.com.tr","osman.ceyhan@infometri.com.tr","OSMAN ORHUN CEYHAN","KAYSERİ","MELİKGAZİ","4","Kobi"
"496182","TEKBİLGİ DANIŞMANLIK YAZILIM OTOMASYON İLETİŞİM ELEKTRONİK SANAYİ TİCARET LİMİTED ŞİRKETİ","YEŞİLOBA MAH. 46180 SK. ÇAMLIK SITESI DG44 BLOK NO: 16 -31 İÇ KAPI NO: 02 SEYHAN/ ADANA","05535736213","https://www.technitysoft.com/","hayrettin.erol@technitysoft.com","HAYRETTİN EROL","ADANA","*","1","Kobi"
"496185","LOGO YAZILIM (MERKEZ)","GEBZE ORGANİZE SANAYİ BÖLGESİ, ŞAHABETTİN BİLGİSU CADDESİ, NUMARA 609","02624847070","www.logo.com.tr","gokhan@gokhanbilisim.com","LOGO YAZILIM","DENİZLİ","MERKEZEFENDİ","3","Kurumsal"
"496187","AFK ELEKTRONİK TEKSTİL PETROL GIDA. SAN. VE TİC. LTD. ŞTİ.","ÇINAR MH. 5003/1 SOKAK NO:9 EGE PLAZA KAT:2 DAIRE:22","02324455422","www.afkyazilim.com.tr","info@logo.com.tr","ÜMİT BIÇAK","KOCAELİ","GEBZE","2502","Kobi"
"496189","ANTALYA POZİTİF BİLGİSAYAR ELEKTRONİK İNŞAAT SANAYİ VE TİCARET LİMİTED ŞİRKETİ","UZUN KÖPRÜ SOK. NO:4 GÖNYELİ","05428827707","","ayhan.basak@gmail.com","AYHAN BAŞAK","LEFKOŞA","LEFKOŞA","6","Çözüm Geliştirme, Kobi, Netopenx Çözüm Geliştirme"
"496190","DOSBİL BİLGİSAYAR KİM. TEKS. DAY. TÜK. MAL. TEM. MLZ. GIDA TİC. VE SAN. LTD.ŞTİ.","TOPRAKLIK MAH. FEVZİ ÇAKMAK BULV. NO:16/5","02582651353","https://dosbil.com.tr/tr/","acomuk@dosbil.com.tr","AHMET ÇOMUK","DENİZLİ","PAMUKKALE","3","Kobi"
"496195","CÜNEYT KURT","ZERDALİLİK MAH. DEĞİRMENÖNÜ CAD. DEĞİRMENÖNÜ KONUTLARI NO:56 D:2","05415659005","www.pozitifbilgisayar.com","info@pozitifbilgisayar.com","HATİCE SOYKAL","ANTALYA","MURATPAŞA","5","Kurumsal"
"496199","BUDO BİLGİSAYAR YAZILIM VE DANIŞMANLIK HIZMETLERİ- BİROL AYDEMİR","442 SOKAK NO:102 DAIRE :6 KONAK /İZMİR","05377129073","www.limayazilim.com","e.sak@limayazilim.com","ERGÜN SAK","ADANA","ÇUKUROVA","5","Çözüm Geliştirme, Kurumsal, Objects Çözüm Geliştirme"
"496202","Ramazan DAĞ","Fevzi Çakmak Mah. 3.Ray sok. No:1 Eva Plaza K:1 D:9","02765020464","","atilimbil@msn.com","Ramazan DAĞ","UŞAK","MERKEZ","1","Kobi"
"496206","İZGRUP BİLİŞİM HİZMETLERİ SAN.VE TİC.LTD.ŞTİ","DEMİRYOLU CAD. IŞIKLAR MAH. NO:47/A - SELÇUKLU/KONYA","03323300035","www.sisya.com.tr","info@sisya.com.tr","EMRE İNANÇ","KONYA","SELÇUKLU","5","Kobi"
"496210","Doruk Yazılım Bilişim Proje Dan.Koz.Teks.Ith.Ihr.San.Tic.Ltd.Şti.","ŞEMİKLER MAHALLESİ 3130 SOKAK NO:12/38 MERKEZEFENDİ / DENİZLİ","08505326876","www.metronet.gen.tr","logo@metronet.gen.tr","AHMET ÜNAL","DENİZLİ","MERKEZEFENDİ","12","Çözüm Geliştirme, Kobi, Netopenx Çözüm Geliştirme"
"496214","EGE KOMP BİLGİSAYAR YAZILIM DANIŞMANLIK TİCARET ANONİM ŞİRKETİ","SIRAKAPILAR MAH. 1583 SOK. NO:28 KAT:3 D:12 / MERKEZEFENDİ","02582418717","www.edonanim.com","satis@edonanim.com","MEHMET SAMUR","DENİZLİ","DENİZLİ","60","Bulut İş Ortağı, Çözüm Geliştirme, Fonksiyonel İş Ortağı  - CRM, Fonksiyonel İş Ortağı – Depo Yönetimi, Fonksiyonel İş Ortağı – İnsan Kaynakları, Fonksiyonel İş Ortağı - İş Akış Yönetimi, Fonksiyonel İş Ortağı – İş Analitiği, Kurumsal, Netopenx Çözüm Geliştirme"
"496215","EGE BİLGİSAYAR- MEHMET KARA (NETSİS)","GÜMBET MAH. ALBAY KEMAL TOPAL CD. PALOMA SITESI NO:5 BODRUM MUĞLA","05333231466","","anka@anka-bilisim.com","MEHMET KARA","MUĞLA","BODRUM","1","Kobi"
"496220","FABİM ELEKTRONİK ELEKTRİK BİLİŞİM SİSTEMLERİ SANAYİ VE TİCARET LTD.ŞTİ","MURADİYE MAH. 8. SK. NO:29/H","02362374466","","muhasebe@er-fa.com.tr","SEMA KALKAN","MANİSA","YUNUSEMRE","9","Kobi"
"496224","İNNOVA YAZILIM BİLGİSAYAR MÜHENDİSLİK GIDA TİCARET LİMİTED ŞİRKETİ","REŞATBEY MAH. STADYUM CAD. NO: 31 İÇ KAPI NO: 04 SEYHAN/ ADANA","03224589466","www.adasis.net","adasis@adasis.net","SERMİN GÖRGÜN","ADANA","SEYHAN","6","Kobi, Kurumsal"
"496227","KCS BİLİŞİM BİLGİSAYAR SERVİS DANIŞMANLIK HİZ.SAN. TİC.LTD.ŞTİ","FABRİKALAR MAH. 3043 SK. NO: 10 İÇ KAPI NO: 1 KEPEZ/\\nANTALYA","02422262600","www.antsisyazilim.com","info@antsisyazilim.com","RAHMİ KURNAZ","ANTALYA","KEPEZ","3","Kobi"
"496230","METRONET BİLİŞİM DONANIM YAZILIM HİZMETLERİ-AHMET ÜNAL","ALBAY ŞEFİK , RÖNESANS PLAZA , 4, 20","02562522019","www.3gyazilim.com.tr","info@3gyazilim.com.tr","GÖKHAN AKÇINAR","AYDIN","EFELER","2","Kobi"
"496242","ONYIL BİLİŞİM TEKN.DAY.TÜK.MAL.SAN.VE TİC.LTD.ŞTİ","GAZI OSMAN PAŞA MAHALLESI KAMIL TUNCA CADDESI NO:183 A BORNOVA / İZMIR","03523533775","https://kodexis.com","ertan@kodexis.com","ERTAN ÇEMREK","KAYSERİ","MELİKGAZİ","4","Bulut Çözüm Geliştirme, Bulut İş Ortağı, Çözüm Geliştirme, Kobi"
"496252","PRONOD YAZILIM DANIŞMANLIK TİCARET VE SANAYİ LİMİTED ŞİRKETİ","SARAN SOKAK NO: 43 KÜÇÜK KAYMAKLI","03922290543","","mehmetgunay@piramitsoftware.com","MEHMET GÜNAY","LEFKOŞA","LEFKOŞA","2","Çözüm Geliştirme, Kobi, Netopenx Çözüm Geliştirme"
"496267","İSMAİL SİPAHİ","YENI MAH. MENDERES BULV.NO:7 A/1 MERKEZEFENDI DENİZLİ","05057060600","www.pronod.net","mustafacankaya@pronod.net","MUSTAFA ÇANKAYA","DENİZLİ","MERKEZEFENDİ","4","Kurumsal"
"496559","NETSİSTEM PROJE VE DANIŞMANLIK A.Ş.","FEVZİ ÇAKMAK MAH. 4.RAY SOK. RAY İŞ MERKEZİ NO:10/17","05325971868","www.omeganetsis.com","ismailsipahi@omeganetsis.com","İSMAİL SİPAHİ","UŞAK","MERKEZ","4","Kobi"
"496565","GÖZDE BİLGİ İŞLEM SİS.LTD.ŞTİ.","ATA EVLER BARIŞ MAH. İZMİR YOLU NERAY İŞ MRK. NO:212 K:8 D: 3","02242711579","www.gozdeits.com","askin@gozdeits.com","AŞKIN ELÜSTÜ","BURSA","NİLÜFER","9","Kobi"
"496568","NİRVANA BİLGİSAYAR YAZILIM DANIŞMANLIK VE TİC.LTD ŞTİ","CUMHURİYET MAHALLESİ ORTA SOKAK NO:2\\nSAHİLKENT SİTESİ A.BLOK KAT.3 D.7\\nPLAJYOLU","02623259009","","mercili@erbilisim.com.tr","MEHMET EMİN ERCİLİ","KOCAELİ","İZMİT","1","Kobi"
"496572","VİASOFT BİLGİSAYAR PROGRAMCILIK TEKSTİL SAN.VE TİC.LTD.ŞTİ.","İZMİR BULVARI NO:114 ATALAY 7 SİTESİ B BLOK KAT:8 /25 İHSANİYE","02242499822","www.nirvana.com.tr","ozcan@nirvana.com.tr","ÖZCAN YILMAZ","BURSA","NİLÜFER","7","Çözüm Geliştirme, Kobi, Netopenx Çözüm Geliştirme"
"496575","ARES ERP YAZILIM VE DANIŞMANLIK HİZM.- TAYFUN BORSUK","152. CAD. TEKNOKENT, 39","02562240025","www.yirmibes.com.tr","mehmet@yirmibes.com.tr","MEHMET YİRMİBEŞ","AYDIN","EFELER","6","Çözüm Geliştirme, Kobi, Netopenx Çözüm Geliştirme"
"496585","KUZLU PROJE VE DANIŞMANLIK HİZMETLERİ LTD. ŞTİ.","28 HAZIRAN MAH. TURAN GÜNEŞ CD. GARAJ SK. NO:1 KAT:3 D:5","05336320426","www.yeniufuklar.com","ufuk.efe@yeniufuklar.com","UFUK EFE","KOCAELİ","İZMİT","2","Kobi"
"496587","BARSEL YAZILIM PROJE VE DANIŞMANLIK TİCARET LİMİTED ŞİRKETİ","ATA EVLER BARIŞ MAH. İZMİR YOLU NERAY İŞ MRK. NO:212 K:8 D: 3","02242711579","www.gozdeits.com","askin@gozdeits.com","AŞKIN ELÜSTÜ","BURSA","NİLÜFER","9","Kobi"
"496603","YENİ UFUKLAR BİLGİSAYAR - UFUK EFE","ALTINOVA MAH. İSTANBUL CAD BUTTİM İŞ MERKEZİ NO 424/ 5 İÇ KAPI NO: 3114 OSMANGAZİ BURSA","02242116287","www.areserp.com","tayfunborsuk@areserp.com","TAYFUN BORSUK","BURSA","OSMANGAZİ","2","Kobi"
"496643","İNFOMETRİ YAZILIM DANIŞMANLIK MÜHENDİSLİK LTD. ŞTİ","YILDIRIM BEYAZIT MAHALLESİ AŞIK VEYSEL BULVARI E.Ü TEKNOLOJİ GELİŞTİRME BÖLGESİ 4. BİNA 3. KAT NO:64","03522224636","www.infometri.com.tr","biz@alpata.com","OSMAN ORHUN CEYHAN","KAYSERİ","MELİKGAZİ","22","Kobi"
"496645","FATİH ÖZER-MERT BİLGİSAYAR SİSTEMLERİ","ARAPÇESME MAH. 1044/1. SK. NO: 2 OFIS NO: 10","02626446777","https://proserbilgisayar.com/","fatih@prosersoft.com","FATİH GENÇ","KOCAELİ","GEBZE","5","Çözüm Geliştirme, Kobi, Netopenx Çözüm Geliştirme"
"496647","NETİZ YAZILIM DANIŞMANLIK EĞİTİM BİLİŞİM BLG. EL.REKL.TAN.SAN.VE TİC.LTD.ŞTİ.","GÜVENEVLER MAH. 27. NOLU SOKAK GÜN APT. NO:5","05325851947","http://www.mertbilgisayar.com","mert@mertbilgisayar.com","FATİH ÖZER","GAZİANTEP","ŞEHİTKAMİL","6","Kobi"
"496651","BERKA İNOVASYON YAZILIM SANAYİ TİCARET LİMİTED ŞİRKETİ","FEVZİ ÇAKMAK MH. 10638 NO:7A/107","03323504616","www.iconia.com.tr","a.yildirim@iconia.com.tr","HALİL KALEMCİ","KONYA","KARATAY","16","Çözüm Geliştirme, Kobi, Netopenx Çözüm Geliştirme"
"496652","GBM BİLİŞİM YAZILIM EĞİTİM VE DAN. HİZM. SAN. TİC. A.Ş.","AŞAĞI ÖVEÇLER 1328.CADDE NO :6/3","03124720977","www.yds.com.tr","info@yds.com.tr","YAKUP ŞANLI","ANKARA","ÇANKAYA","8","Çözüm Geliştirme, Kurumsal, Netopenx Çözüm Geliştirme"
"496653","TETRA MÜHENDİSLİK MÜŞAVİRLİK SANAYİ VE TİCARET ANONİM ŞİRKETİ","NUSRATİYE MAH. UĞUR MUMCU CAD. NO:19/A","02826505054","","mustafa@gercekbilgisayar.com.tr","MUSTAFA GÜLNAR","TEKİRDAĞ","ÇORLU","2","Kobi"
"496654","ÖZEL BİLGİ İŞLEM-UMUT ELBİR","DEDEPAŞA CADDESİ DUMANKAYA TREND RESİDENCE F3 DAİRE:5","02164988088","www.ozelbilgiislem.com","baris.yilmaz@oryen.com","UMUT ELBİR","BURSA","OSMANGAZİ","1","Kobi"
"496661","2A YAZILIM DONANIM HİZMETLERİ-İSA NAZIM NAS","REŞATBEY MAH. 62012 SOK. KAHRAMAN APT. Z.KAT NO:5/B","03223656099","www.2ayazilim.com","isanazim@2ayazilim.com","İSA NAZIM NAS","ADANA","SEYHAN","2","Kobi"
"496666","BİOSOFT YAZILIM VE TEKNOLOJİ DANIŞMANLIĞI - ÖZCAN KESKİNOĞLU","YILDIZLI TOKI KONT. 1.BLG C5 D:16 K:3 AKÇAABAT/YILDIZL","05516001100","www.biosoftyazilim.com.tr","biosoftyazilim@gmail.com","ÖZCAN KESKİNOĞLU","TRABZON","AKÇAABAT","8","Kobi"
"496672","Hedef Yazılım","İSMETİYE MAH. SÜTCÜ İMAM SK. KARACA IŞ MERKEZI Kapı No:5/10 BATTALGAZİ-MALATYA","04223261236","www.hedefsistem.com","info@hedefsistem.com","ADNAN SUAT ŞAD","MALATYA","BATTALGAZİ","8","Kobi"
"498978","ATA TEKNOLOGİYA MMC (ATAHOLDİNG)","SULEYMAN RUSTEM 9","00994502545051","","info@btyazilim.net","MAIS YUSIFOV","BAKÜ","MALTEPE","5","Yurt Dışı İş Ortağı"
"500836","ÇETRİN BİLİŞİM SAN. VE TİC. LTD. ŞTİ.","MEHMET AKİF ERSOY MAH. 325. SOK. 3/112","05555075540","https://bilgebilgisayar.com.tr/","info@bilgebilgisayar.com.tr","MÜSLÜM ORTAKÇI","ANKARA","YENİMAHALLE","12","Kurumsal"
"501585","3-D BİLGİSAYAR MİMARLIK VE DANIŞMANLIK TİCARET LİMİTED ŞİRKETİ","KONUKSEVER MAH. GAZİ BLV. NO:210/A","02423261217","","info@cetrinbilisim.com.tr","HAYRİYE ÇETİN KAYACAN","ANTALYA","MURATPAŞA","9","Bulut İş Ortağı, Kobi"
"50616","GÜMRAH BİLGİSAYAR ELEKTRONİK YAZILIM DONANIM TİC. SAN. LTD. ŞTİ.","GAZİMUHTARPAŞA BULVARI DOKTORLAR SİTESİ B BLOK NO:76","03423237310","www.gencbilgisistem.com","osman@gencbilgisistem.com","OSMAN KILINÇ","GAZİANTEP","ŞEHİTKAMİL","1","Kobi"
"513878","SİSTEMX BİLG. YAZ. GÜV. VE OTOM. SİST- RECEP ERGÜN","YENIKÖY MAH. 57050 SOK. NO:67","02662458010","www.e-netcom.net","ali@e-netcom.net","ALİ TELEK","BALIKESİR","KARESİ","2","Kobi"
"516950","PRESTO BİLİŞİM DANIŞMANLIK HİZM. TİC. LTD. ŞTİ.","FENER MAH. BÜLENT ECEVİT BLV. GRAND DUKE İŞ\\nMERKEZİ A NO: 75 İÇ KAPI NO: 205 MURATPAŞA/ ANTALYA","02423118445","http://www.prestobilisim.com/","pazarlama@apeksyazilim.com.tr","AHMET ERSİN","ANTALYA","MURATPAŞA","39","Kurumsal"
"517106","SİENA BİLGİ TEKNOLOJİLERİ SANAYİ VE TİCARET LİMİTED ŞİRKETİ","FEVZİ ÇAKMAK MAH. MEDCEZİR CAD. KONYA TICARET MERKEZI A BLOK NO:10/106","03322368667","www.sienayazilim.com","mustafa@sienateknoloji.com.tr","MUSTAFA PINARBAŞI","KONYA","KARATAY","3","Kobi"
"517253","CMD TEKNOLOJİ DANIŞMANLIK TİC. LTD. ŞTİ.","BSEL TECH PARK, 7TH FLOOR, B-WING,\\r\\nOPP. VASHI RAILWAY STATION SECTOR 30A\\r\\nVASHI, NAVI MUMBAI 400705","00919820324941","www.halalbox.in","shadab@halalbox.in","ASHIQUE ALI SHAIKH","NAVI MUMBAI","*","2","Yurt Dışı İş Ortağı"
"518252","REDNET IT SERVICES","7/1 AL NASR STREET","00201276144433","","cem.akay@rednetit.com","CEM AKAY","KAHİRE","*","4","Yurt Dışı İş Ortağı"
"518649","KURUMSOFT KURUMSAL BİLİŞİM TEKNOLOJİLERİ VE DANIŞMANLIK HİZMETLERİ A.Ş.","CEVIZLI MAH. FIL YOKUŞU SOK. KARALAR PLAZA NO:18 K:3 MALTEPE/İSTANBUL","02167060049","www.kurumsoft.com.tr","rasimyuksel@dsydanismanlik.com","RASİM YÜKSEL","ANKARA","YENİMAHALLE","12","Bulut Çözüm Geliştirme, Bulut İş Ortağı, Çözüm Geliştirme, Fonksiyonel İş Ortağı  - CRM, Fonksiyonel İş Ortağı - İş Akış Yönetimi, Kurumsal, LPT Çözüm Geliştirme, Objects Çözüm Geliştirme"
"527031","EMA GRUP BİLİŞİM ANONİM ŞİRKETİ (1)","129329 IVOVAYA STREET NO:9","0077266754718","","mustafau@logo-bs.ru","MUSTAFA ÜNLÜ","MOSKOVA","*","1","Yurt Dışı İş Ortağı"
"527304","ARUNA YAZILIM DANIŞMANLIK SAN. TİC. LTD. ŞTİ.","MUTLUKENT MAH. 1952. SOKAK NO: 20","03124414142","","uygur@alrbilisim.com","UYGUR ALTAY","ANKARA","ÇANKAYA","12","Fonksiyonel İş Ortağı  - CRM, Fonksiyonel İş Ortağı – İş Analitiği, Kurumsal"
"527730","UĞUR MUSTAFA KAVLAK","CUMHURİYET CAD.BUZHANE SOK.ALAR İŞ MERKEZİ KAT:1 DAİE 4 MERKEZ IĞDIR","04762273400","www.ferecbilgisayar.com","salman.baybure@ferecbilgisayar.com","SALMAN BAYBURE","IĞDIR","MERKEZ","1","Çözüm Geliştirme, Kobi, Objects Çözüm Geliştirme"
"528891","NETİNTERAKTİF BİLİŞİM TEKNOLOJİLERİ REKLAMCILIK HİZMETLERİ SANAYİ VE TİCARET LİMİTED ŞİRKETİ","İNCİLİPINAR MH. GAZİ MUHTAR PAŞA BULV. NO:26/B","03422150123","www.atakbil.com","atak@atakbil.com","SERDAR ÇELİK","GAZİANTEP","ŞEHİTKAMİL","4","Kurumsal"
"532279","DOĞRUNET YAZILIM VE DANIŞMANLIK ANONİM ŞİRKETİ","FATİH MAH. GÜVERCİN SK. NO: 20 İÇ KAPI NO: 2 ÇERKEZKÖY/ TEKİRDAĞ","08503057844","www.arsyazilim.com","gokhanarslan@arsyazilim.com","GÖKHAN ARSLAN","TEKİRDAĞ","ÇERKEZKÖY","23","Çözüm Geliştirme, Kurumsal, Objects Çözüm Geliştirme"
"533215","EPHESUS YAZILIM VE DANIŞMANLIK HİZ-ERKAN MEYVECİ-EROL SOSYAL ORTAKLIĞI","ALACAATLI MAH. 3296. CAD. NO:10 / 3/ C-58 ÇANKAYA / ANKARA","05333108939","","ugur.altunkaynak@netizyazilim.com","UĞUR ALTUNKAYNAK","ANKARA","ÇANKAYA","4","Kobi"
"539330","PRODATA TELEKOM.ELK.PROJE VE DANIŞ.SAN.TİC.LTD.ŞTİ.","SEDİR MAH. VATAN BULVARI OSMAN KOCA İŞ MERKEZİ 10/2","02423215003","https://netalya.com.tr","sahinsanliturk@netalya.com.tr","ALİ ŞAHİN ŞANLITÜRK","ANTALYA","MURATPAŞA","9","Kurumsal"
"546823","BİLTEK OFİS VE BİLİŞİM SİSTEMLERİ SANAYİ VE TİCARET LİMİTED ŞİRKETİ","GÜZELHİSAR MAH.ULUBATLI CAD.NO:7/D   EFELER/AYDIN","02562128393","www.biltekbilgisayar.com.tr","bilgi@biltekbilgisayar.com.tr","SAVAŞ ÖZKÖYLÜ","AYDIN","EFELER","2","Kobi"
"55228","HİSAR BİLGİSAYAR SAN. TİC. LTD. ŞTİ.","MARULCU MAH. KADINANA CAD. NO:70 KAT:2 D:8","02722139498","www.hisarbilgisayar.net","hisar@hisarbilgisayar.net","YUSUF ÜZEL","AFYONKARAHİSAR","MERKEZ","4","Kurumsal"
"553642","TEKDEN YAZILIM DANIŞMANLIK VE BİLİŞİM SİSTEMLERİ - SEDAT TURAN","ERCİYES ÜNİVERSİTESİ, TEKNOPARK İDARİ BİNA 5 NO: 8","08502595938","www.tekdenyazilim.com","sedat@tekdenyazilim.com","SEDAT TURAN","KAYSERİ","MELİKGAZİ","3","Kobi"
"560798","AVCI NET PROJELER YAZILIM BİLGİSAYAR DANIŞMANLIK SANAYİ VE TİCARET LİMİTED ŞİRKETİ","YILDIRIM BEYAZIT MAH. AŞIKVEYSEL BULVARI ERCİYES TGB. \\n1. BİNA 3. KAT NO:57/58","03522212284","www.mrpyazilim.com","mustafa.kemertas@mrpyazilim.com","YENER YAVUZ","KAYSERİ","MELİKGAZİ","13","Bulut Çözüm Geliştirme, Çözüm Geliştirme, Netopenx Çözüm Geliştirme"
"561470","İNOVA BİLİŞİM TEKNOLOJİLERİ İLETİŞİM VE TELEKOMİNİKASYON ELEKTRONİK İTH.İHR.SAN. (NWÇ)","ERGENEKON MH. CANGÜR SK. KETENCİ SİTESİ C BLOK D:2","05327132836","","onur.demiriz@inovabt.com","ONUR DEMİRİZ","MANİSA","TURGUTLU","11","Kobi"
"576090","SİBERLOG VERİ GÜVENLİĞİ VE BİLİŞİM HİZMETLERİ LTD ŞTİ.","KIŞLA MAHALLESİ GÜLLÜK CADDESİ CENNET APT. NO 14 İÇ KAPI NO 8","05435443542","www.siberlog.com","serdar@siberlog.com","SERDAR MERT","ANTALYA","MURATPAŞA","9","Çözüm Geliştirme, Kobi, Netopenx Çözüm Geliştirme"
"576265","PALTACO BİLGİSAYAR LTD. ŞTİ.","ÇAY MAHALLESİ 47.SOKAK 11/1\\n\\nUFUK BEY -","03266165662","www.paltaco.com.tr","tp@paltaco.com.tr","TURGUT PALTA","HATAY","İSKENDERUN","12","Kobi"
"579970","İDEAKTİF DANIŞMANLIK VE YAZILIM LTD.ŞTİ.","HACET MH. KEYKUBAT BLV. PARLAYÜKSEL PLAZA KAT:3 NO:23 ALANYA","02425043362","www.bimanet.com.tr","info@bimanet.com.tr","MEHMET ALİ MUNGAN","ANTALYA","ALANYA","2","Bulut İş Ortağı, Kobi"
"581427","ENERJİ BODRUM BİLGİ İŞLEM LTD. ŞTİ.","M. Sefa Özler, Kuruköprü İşhanı, 23, 309","03223521073","www.centerbilgisayar.com.tr","ugur@centerbilgisayar.com.tr","UĞUR MUSTAFA KAVLAK","ADANA","SEYHAN","1","Kobi"
"58175","İMC BİLİŞİM TEKNOLOJİLERİ SAN. VE TİC. A. Ş.","MARULCU MAH. KADINANA CAD. NO:70 KAT:2 D:8","02722139498","www.hisarbilgisayar.net","hisar@hisarbilgisayar.net","YUSUF ÜZEL","AFYONKARAHİSAR","MERKEZ","4","Kurumsal"
"582091","BTS BİLGİ TEKNOLOJİ SİSTEMLERİ SAN.VE TİC.LTD.ŞTİ.","OSMAN ŞEKER SOK NO:2-B/4 CIRKAN MAH. KONACIK","02523639226","www.enerjibodrum.com.tr","gokhan@enerjibodrum.com.tr","GÖKHAN SERPİN","MUĞLA","BODRUM","3","Kobi"
"582252","KADİR YAVUZ-DELTA BİLGİ İŞLEM GÜV. VE DANIŞMANLIK HİZMETLERİ","KAZIMİYE MAH. GÖREME SOK NO:8  DERİN PLAZA K:2 D:215","02826523377","www.deltabilgiislem.com","info@deltabilgiislem.com","KADİR YAVUZ","TEKİRDAĞ","ÇORLU","1","Kobi"
"582337","EKOL YAZILIM ANONİM ŞİRKETİ","MUSTAFA KEMAL MAH. 2127 CAD. NO: 21 B İÇ KAPI NO: 1\\nÇANKAYA/ ANKARA","03124724646","www.nuans.com.tr","erkan@nuans.com.tr","ERKAN ALAGÖZLÜ","ANKARA","ÇANKAYA","18","Kobi"
"582953","UŞAK OMEGA BİLGİ VE İLETİŞİM HİZMETLERİ-İSMAİL SİPAHİ","TÜLÜMENLER İŞ MERKEZİ SALİH OMURTAK CADDE NO 198/Z11, 198/11 ÇORLU","02826519223","www.bilgiteknolojisistemleri.com.tr","myuruk@bilgiteknolojisistemleri.com.tr","MURAT YÜRÜK","TEKİRDAĞ","ÇORLU","2","Kobi"
"585035","MİKROSER BİLGİSAYAR - METİN DAĞDELEN (LOGO)","370 SOKAK NO 39 D: 9 BAHÇELİEVLER","02324899286","","info@deltabilgiislem.com","METİN DAĞDELEN","TEKİRDAĞ","ÇORLU","1","Bulut İş Ortağı"
"58602","MEHMET EKİCİ","SAKARYA MAH. YALIDERE CAD. FİDAN NO: 23 A SELÇUKLU/ KONYA","05324001904","www.incibilisim.com","tahir@incibilisim.com","TAHİR ÇOGAY","KONYA","SELÇUKLU","2","Bulut İş Ortağı, Kobi"
"586130","CANBİL BİLGİ SİSTEM VE TEKNOLOJİLERİ LTD. ŞTİ.","FEVZİ ÇAKMAK MAH. 4.RAY SOK. NO:10 RAY İŞ MRK. KAT:2 D:17","08503053668","www.omeganetsis.com","ismailsipahi@omeganetsis.com","İSMAİL SİPAHİ","UŞAK","MERKEZ","7","Kobi"
"587945","YAZMEK AR-GE DANIŞMANLIK BİLİŞİM LTD. ŞTİ.","İHSANİYE MAH KAYACIK CD NO:63/1","02667144391","www.texonbilisim.com","oceyhan@gmail.com","ÖZKAN CEYHAN","BALIKESİR","BANDIRMA","3","Kobi"
"588759","ÖNEM YAZILIM DANIŞMANLIK SANAYİ VE TİCARET LTD. ŞTİ.","TACETTİN VELİ MAHALLESİ, DELİKLİTAŞ CADDESİ NO: 12/5 MELİKGAZİ KAYSERİ","03522209966","","erdem@7netbilisim.com","OĞUZHAN ERDEM","ADANA","SEYHAN","1","Çözüm Geliştirme, Kurumsal, Netopenx Çözüm Geliştirme"
"589476","BAHADIR KINALI","MALİYE 1.SK. HİTİT İŞ MERKEZİ NO:3/5","03642137390","www.canbil.com","info@canbil.com","ELVAN CAN ÇABUK","ÇORUM","MERKEZ","3","Kobi"
"589897","UMT BİLİŞİM - UMUT SAMUK","KİREMİTHANE MAH. SAKARYA CAD. ÖZTEKİN APT. K:4 D:8","05458680868","www.umtbilisim.com","","UMUT SAMUK","MERSİN","KARABAĞLAR","1","Kobi"
"590329","URARTU MADENCİLİK İNŞAAT BİLİŞİM EĞİTİM HİZMETLERİ İTHALAT İHRACAT SANAYİ VE TİCARET LİMİTED ŞİRKETİ","ALTINOVA MH. İSTANBUL CD. BUTTİM PLAZA NO:B3/780","05065328252","www.bbkyazilim.com","bahadir@bbkyazilim.com","BAHADIR KINALI","BURSA","OSMANGAZİ","5","Kobi"
"590740","MTN GRUP TEKNOLOJİ VE YATIRIM ANONİM ŞİRKETİ","DEĞİRMİÇEM MAH. ÖZGÜRLÜK CAD. NO:40/B","03423218989","www.mtnbilisim.com","metin@mtnbilisim.com","METİN KÜRÜMLÜOĞLU","GAZİANTEP","ŞAHİNBEY","1","Çözüm Geliştirme, Netopenx Çözüm Geliştirme"
"591279","TM PROJE VE YAZILIM HİZMETLERİ SANAYİ TİCARET LİMİTED ŞİRKETİ","YILDIRIM BEYAZIT MAH. AŞIKVEYSEL BULVARI ERCİYES TGB.  1. BİNA 3. KAT NO:57/58","03522212284","www.mrpyazilim.com","mustafa.kemertas@mrpyazilim.com","MUSTAFA KEMERTAŞ","KAYSERİ","MELİKGAZİ","9","Kobi"
"591797","ADASİS BİLGİ SİSTEMLERİ LİMİTED ŞİRKETİ","KOOPERATİFLER MAH. YAŞAR KEMAL CAD. ONUR 2 NO: 24 /1 İÇ KAPI NO: 21 YENİŞEHİR/ DİYARBAKIR","05323326845","www.netcombilgisayar.com","ibrahim@netcombilgisayar.com","HALİL BOZKURT","DİYARBAKIR","YENİŞEHİR","1","Kobi"
"591876","VS DİJİTAL MEDYA BİLİŞİM SAN. VE TİC. LTD.ŞTİ","REŞATBEY MAH. STADYUM CAD. NO: 31 İÇ KAPI NO: 04 SEYHAN/ ADANA","03224589466","www.adasis.net","adasis@adasis.net","RIFAT GÖRGÜN","ADANA","SEYHAN","2","Kobi"
"59196","GATEKSER BİLGİSAYAR- HANİFİ POLAT","ALLEBEN MAH. ATATÜRK BULVARI NO: 78  KAZAZ APT. D:5","05424022529","www.gatekser.com","hanifipolat@gatekser.com","HANİFİ POLAT","GAZİANTEP","ŞAHİNBEY","4","Kobi"
"594418","BAŞARI BİLGİ TEKNOLOJİLERİ AHMET KORKMAZ","MERMERDELEN MAH. MURAT SOK. TAHSİN GÜZEL APT. NO1 MERKEZ RİZE","04642100123","www.sistemx.com.tr","r_ergun@hotmail.com","RECEP ERGÜN","RİZE","MERKEZ","2","Kobi"
"594488","ÜÇBİL YAZILIM ÖZEL EĞİTİM DAN. HİZM. VE TİC. LTD. ŞTİ.","YALI MAH. KAHRAMANMARAŞ CAD. ADELET İŞHANI  NO:194 NO:3","04622330303","","hasim.hakli@tanbt.com.tr","HAŞİM HAKLI","KOCAELİ","GEBZE","16","Çözüm Geliştirme, Kurumsal, Objects Çözüm Geliştirme"
"594928","HÜSEYİN ÇETİNKAYA","100.Yıl Bulvarı Ostim Teknopark No:55, E Blok, D:26,","03124290321","www.ekolyazilim.com.tr","info@ekolyazilim.com.tr","HALİL TUNÇ","ANKARA","YENİMAHALLE","11","Kobi"
"595108","3S AKILLI EV SİSTEMLERİ VE YAZILIM OFİSİ - KÖKSAL ÇAĞLA","EMİRBEYAZIT MAH. ÖZERTÜRK CAD. NO:24/3 MENTEŞE MUĞLA","05358317099","www.dadson.com.tr","mekurt@dadson.com.tr","MEHMET KURT","MUĞLA","MENTEŞE","3","Kobi"
"596605","PROLOG YAZILIM TİC.LTD.ŞTİ.","ERCİYES ÜNİVERSİTESİ TEKNOLOJİ GELİŞTİRME BÖLGESİ IDARE BİNASİ VE KULUÇKA MERKEZİ-3 BİNASI DIŞ KAPI NO:67 IÇ KAPI NO:320","08502500776","www.prolog.com.tr","m.vezir@prolog.com.tr","MURAT VEZİR","KAYSERİ","MELİKGAZİ","6","Çözüm Geliştirme, LPT Çözüm Geliştirme, Objects Çözüm Geliştirme"
"596874","ADIM YAZILIM BİLİŞİM DESTEK HİZMETLERİ SANAYİ VE TİCARET LİMİTED ŞİRKETİ","ÇAMTEPE MAH. MAHMUT TEVFİK ATAY BUL. GAZİANTEP TEKNOPARK NO: 4A, NO: 10","05513961646","http://www.adimyazilim.com/","kerem@adimyazilim.com","EYÜP DAL","GAZİANTEP","ŞEHİTKAMİL","12","Çözüm Geliştirme, Kurumsal, Objects Çözüm Geliştirme"
"599530","FERİT DİK-FD BİLİŞİM","UNCUBOZKÖY MAHALLESI 5526 SOKAK NO:12/605 NORAN OFFICIUM - KAT:6/128","02366060160","www.vsdijital.com.tr","info@vsdijital.com.tr","VELİ TÜRE","MANİSA","YUNUSEMRE","5","Bulut İş Ortağı, Kobi"
"599655","ECOL BİLİŞİM TEKNOLOJİLERİ ANONİM ŞİRKETİ","TACETTİN VELİ MAHALLESİ, DELİKLİTAŞ CADDESİ NO: 12/5 MELİKGAZİ KAYSERİ","03522209966","","ozer.korkmaz@onemyazilim.com.tr","ÖZER KORKMAZ","KAYSERİ","MELİKGAZİ","14","Çözüm Geliştirme, Kurumsal, Netopenx Çözüm Geliştirme"
"599885","PROCESS YAZILIM VE DANIŞMANLIK HİZ. SAN. TİC LTD. ŞTİ","YALI MAH. KAHRAMANMARAŞ CAD. ADELET İŞHANI  NO:194 NO:3","04622330303","","muhammet@ucbil.com","MUHAMMET ÜÇÜNCÜ","TRABZON","ORTAHİSAR","1","Kurumsal"
"599938","BİLKA BİLİŞİM GIDA NAKLİYE İNŞAAT İÇ VE DIŞ TİCARET SAN.LTD.ŞTİ.","TAŞPAZAR MAH.868 ŞEHİT ONB.YAVUZ ÇOBAN SOK.ELÇİ AP. NO:23/A B-1","03822030180","www.fdbilisim.com.tr","feritdik@gmail.com","FERİT DİK","AKSARAY","AKSARAY","5","Kobi"
"600390","HÜSEYİN DAVULCUOĞLU","CUMHURİYET MH. İÇ SK. H.CEMİL BEY APT. NO: 14 ZEMİN KAT","04623233030","sourtech.com.tr","turaneksi34@gmail.com","TURAN EKŞİ","TRABZON","ORTAHİSAR","2","Kobi"
"600599","ORAL MUSLULAR","DİCLE MAHALLESİ SANAYİ CADESİ NO:19/D","04866162030","","info@bilkabilisim.com","MEHMET KADRİ YAMAN","ŞIRNAK","CİZRE","2","Kobi"
"600897","PRO-TECH FOR INFORMATION TECHNOLOGY","BURJ AL BARAKA, NO:10","00249907633588","","canmirza@akademidesign.com","MEHMET KASIM ÖZDOĞAN","HARTUM","*","3","Yurt Dışı İş Ortağı"
"600904","İLETİŞİM BİLGİSAYAR YAZILIM SİSTEMLERİ İHRACAT İTHALAT SANAYİ VE TİCARET A.Ş.(NWÇ)","DEMİRTAŞPAŞA MAH. 11. ATA SOKAK NO:3/301","02242514100","https://iletisimyazilim.com/","iletisim@iletisimyazilim.com","","BURSA","OSMANGAZİ","9","Çözüm Geliştirme, Netopenx Çözüm Geliştirme"
"601281","ABAKÜS BİLİŞİM TİCARET VE SANAYİ LTD. ŞTİ.","NARDÜZÜ MAH. 185 SOK. NO:41 ARSUZ","03266188274","","erol@netsisdestek.net","EROL SOYSAL","HATAY","HATAY","3","Kobi"
"601998","SADE BİLİŞİM TEKNOLOJİ SİSTEMLERİ DANIŞMANLIK HİZMETLERİ LİMİTED ŞİRKETİ","SÜMER MAHALLESİ NECİP FAZIL KISAKÜREK BLV. NO: 36A MERKEZ/BOLU","03742128386","http://boluteknoloji.com/","info@boluteknoloji.com","FATİH ÖZTÜRK","BOLU","MERKEZ","4","Kurumsal"
"603058","MEHMET FATİH AKASLAN-AFM BİLİŞİM VE GÜVENLİK HİZ.","SITELER MH. UZAY SK., MERKEZ, 47, 5","02886060639","www.destekservis.com","oral.muslular@destekservis.com","ORAL MUSLULAR","KIRKLARELİ","LÜLEBURGAZ","1","Kobi"
"603581","BARIŞ YAZILIM VE BİLİŞİM TEKNOLOJİLERİ SAN. VE TİC. A.Ş.","Akkent Mah.400 Nolu Zambak Evler Sit.  No: 45 A/C","05435555363","www.afmbilisim.net","fatih@afmbilisim.net","MEHMET FATİH AKASLAN","GAZİANTEP","*","2","Kobi"
"603832","ASSOS YAZILIM VE DANIŞMANLIK LTD. ŞTİ.","DEĞİRMİÇEM MAH. ÖMER KÖYLÜOĞLU CAD. NO:12/B","08508400027","","info@barisbilisim.com.tr","MUSTAFA YILGIN","GAZİANTEP","ŞEHİTKAMİL","4","Kobi"
"604137","YIKILMAZ BİLGİSAYAR-FERHAT YIKILMAZ","ARAP ÇEŞME MH. 1016/1 SK. NO:1/A","05372962256","","assos@assosdanismanlik.com","BURCU AYNUR","KOCAELİ","GEBZE","2","Kobi"
"605008","ANNOVA KURUMSAL TEKNOLOJİ HİZMETLERİ TİCARET LİMİTED ŞİRKETİ","GÜLÜK MAH GÖLLÜ SOK ALPHAN LAPİS PLAZA KAT:7 NO:24","03525728594","www.yikilmazbilgisayar.com","ferhat@yikilmazbilgisayar.com","FERHAT YIKILMAZ","KAYSERİ","MELİKGAZİ","1","Kobi"
"606300","E BAŞARI AKADEMİ BİLİŞİM DANIŞMANLIK TELEKOM. VE KİRALAMA HİZM. LTD. ŞTİ.","ALAADINBEY MAH. 624. SK. NO:5E","02242219990","","taner@merkuryazilim.com","TANER SERBEST","BURSA","NİLÜFER","3","Kobi"
"606956","ARES ERP YAZILIM VE DANIŞMANLIK HİZM.- TAYFUN BORSUK (NWÇ)","ALTINOVA MAH. İSTANBUL CAD BUTTİM İŞ MERKEZİ NO 424/ 5 İÇ KAPI NO: 3114","02242116287","","hakan.fidan@areserp.com","HAKAN FİDAN","BURSA","OSMANGAZİ","1","Çözüm Geliştirme"
"606958","İCONİA BİLİŞİM TEKNOLOJİLERİ SANAYİ VE TİCARET LTD. ŞTİ. (NWÇ)","FEVZİ ÇAKMAK MAH. 10638 SOK. NO:7A C2 BLOK \\r PASAJ NO 107","03323504616","","a.yildirim@iconia.com.tr","ALİ İHSAN YILDIRIM","KONYA","KARATAY","1","Çözüm Geliştirme"
"607213","LONAR CONSULTING SERVICES PRIVATE LIMITED","TOLEBİ 189 OFİS 5/512","05338191251","","info@artisinerji.com","LEVENT TİMAŞ","ALMATİ","*","3","Yurt Dışı İş Ortağı"
"607220","LOGO INFOSOFT BUSINESS TECHNOLOGY PRIVATE LIMITED","OFFICE NO 308 , AMAR NEPTUNE BEHIND AMER APEX BLD, BANER , PUNE 411011","00919820589177","www.lonarconsulting.com","vishnu.ms@lonarconsulting.com","ANIL NAIR","MAHARASHTRA","*","2","Yurt Dışı İş Ortağı"
"607244","SERDAR KIZILATEŞ","7563/7 SK. NO:3 DAİRE:12 ZÜBEYDE HANIM MAH.","02323423434","www.negoyazilim.com","osman.sirinel@berka.com.tr","OSMAN ŞİRİNEL","KONYA","KARATAY","33","Kurumsal"
"607497","MARE BİLGİ TEKNOLOJİLERİ VE YAZILIM SANAYİ TİCARET LİMİTED ŞİRKETİ (NWÇ)","KONACIK MAH. PORTAL SOKAK ÖZMERT İŞ MRK. NO:3/A İÇ KAPI  NO:4","02165746965","","mare@mareyazilim.com","MURAT YANIK","MUĞLA","BODRUM","1","Çözüm Geliştirme, Netopenx Çözüm Geliştirme"
"607571","MOBICOLLECTOR SOLUTIONS PVT LTD","1302, TOWER-3, INDIABULLS FINANCE CENTRE, SENAPATIBAPAT MARG ELPHINSTONE ROAD (WEST)","00912227817979","www.logoinfosoft.com","asif.khan@logoinfosoft.com","ASIF KHAN","MUMBAI","*","14","Yurt Dışı İş Ortağı"
"607580","PROCODE SOFTECH PVT LTD","62, 3rd Floor, 7tCross, 24th A Main.\\r\\nJP Nagar 2nd Phase - 560078","00919886522612","www.mobiezy.com","info@mobiezy.com","Raghavendra Ganiga","BANGALORE","*","4","Yurt Dışı İş Ortağı"
"607581","ACCUVER TELE COMMUNICATION PRIVATE LIMITED","411 TOPAZ BUİLDİNG, PANJAGUTTA","009104048514445","","info@procode.in","Bhogavalli Gupta","TELANGANA","*","1","Yurt Dışı İş Ortağı"
"607583","USMAN KAZI AND COMPANY","FLAT NO. 102, PAYAL RİDDHİ CHS, PLOT NO. 51, SECTOR- 27, KHARGHAR","00912227744651","","sales@accuver.in","Ramesh Srinivasan","MAHARAŞTA","*","4","Yurt Dışı İş Ortağı"
"607586","BIGSWITCH VENTURES PRIVATE LIMITED","D1(A),51/C, DOCKYARD ROAD, BEHİND LAXMİ APARTMENT, MAZGAON","00919820172791","","farhan@ukctally.com","FARHAN SAYAD","MAZGAON","*","1","Yurt Dışı İş Ortağı"
"607588","REGIME TAX SOLUTIONS PRIVATE LIMITED","FLAT NO. 2, PLOT NO. 4, SAİKRİPA CHS, SECTOR 16A, VASHİ, NAVİ MUMBAİ - 400703","00919920138378","","info@bigswitch.in","Vivek Gupta","NAVI MUMBAI","*","1","Yurt Dışı İş Ortağı"
"607884","SOFTWARE AT WORK INDIA PVT. LTD.","401, Suashish IT Park,Dattapada Road, Opp Tata Steel, Borivali East Mumbai-400066","00919967971527","www.taxgenie.in","info@taxgenie.in","RAJEEV THUKRAL","MUMBAİ","*","1","Yurt Dışı İş Ortağı"
"608180","MICROPRO SOFTWARE SOLUTIONS PVT. LTD.","3, Magnum Opus, Shantinagar, Vakola, Santacruz (East),","009122-4612444","www.sawindia.com","sales@sawindia.com","PRASAD DAMODARAN","Lakşadvip Adaları","*","4","Yurt Dışı İş Ortağı"
"608236","TECHNORIYA E TECHNOLOGIES PVT. LTD","Mangalam , Khare Town , Near Khandelwal Jwelellers , Dharampeth . PIN : 440010","00919370055345","www.microproindia.com","sales@microproindia.com","Mr Manish Peshkar","Lakşadvip Adaları","*","4","Yurt Dışı İş Ortağı"
"608523","9EDGE TECHNOLOGIES PRIVATE LIMITED","307, NBC Complex Sec 11 CBD Belapur 400614","0091022-275618","www.technoriya.in","info@technoriya.com","Ankita Dwivedi","MAHARAŞTA","*","2","Yurt Dışı İş Ortağı"
"608679","GENERAL TECHNOLOGIES","516, RUPA SOLİTAİRE PREMİSES, SECTOR-1A , MİLLİNİUM BUSİNESS PARK , MAHAPE","00919920305510","www.9edge.co","accounting.in@9edge.co","TUSHAR MEHTA","MAHARAŞTA","*","1","Yurt Dışı İş Ortağı"
"608680","SUNNY ENTERPRISES","Unit no 4, Municipal Industrial Estate, Bapti Road, Grant Road East","0091022-67949900","www.generaltechnologies.co.in","anees@gtindia.net","Aneesahmed Kagzi","MAHARAŞTA","*","3","Yurt Dışı İş Ortağı"
"608960","INDUS SOFTWARE TECHNOLOGIES PRIVATE LIMITED","M.D. CHAWL, PATEL WADI, OLD NAGARDAS ROAD,ANDHERI€","00912265256999","www.sunnysolutions.in","info@sunnysolutions.in","SMITA JOSHI","MAHARAŞTA","*","3","Yurt Dışı İş Ortağı"
"609440","FAVORİ BİLİŞİM - FATİH GENÇ","FIRAT MAH NAZIM HİKMET CAD. PALADYUM KONUT.SİT CA BLOK BO :33 KAYAPINAR /DİYARBAKIR","05494101421","www.esenyazilim.com","oz.baytok@outlook.com","VEYSİ ESEN","DİYARBAKIR","KAYAPINAR","2","Kobi"
"609667","4 QUADRANT SOLUTIONS PVT LTD","Bavdhan Pune S. No. 303/2/2, Bavdhan (BK)\\r\\nMumbai Bangalore Highway (Bypass)\\r\\nPune - 411 021","00912022952520","www.indussoft.com","prashant.kaikini@indussoft.com","Prashant Kaikini","MAHARAŞTA","*","2","Yurt Dışı İş Ortağı"
"610013","SD BİLGİ TEKNOLOJİLERİ SANAYİ VE TİCARET LİMİTED ŞİRKETİ","AŞAĞI KAYABAŞI MAH. GAZETECİ İSMET SAYIN CAD. 19/27 MY TOWER APT.","03885020808","www.annova.com.tr","ozkan@annova.com.tr","ÖZKAN GÖRAL","NİĞDE","MERKEZ","4","Kobi"
"610015","ZENSOFT YAZILIM A.Ş.","SOĞUKSU MAH.307 SOK.ŞİMŞEK APT. NO:8/1 MURATPAŞA/ANTALYA","05366717474","www.namebilgisayar.com.tr","n.yilmaz@namebilgisayar.com.tr","NAİLE YILMAZ","ANTALYA","MURATPAŞA","3","Kobi"
"610120","3F BİLİŞİM YAZILIM VE DANIŞMANLIK HİZMETLERİ TİCARET LİMİTED ŞİRKETİ","CUMHURİYET MAH. KADINANA CAD. 170/1","05332114098","","selman@sdbilgi.com","SELMAN DOĞRUSOY","AFYONKARAHİSAR","MERKEZ","1","Kobi"
"610162","BAYKALLAR BİLGİSAYAR VE GÜVENLİK SİSTEMLERİ-AHMET BAYKAL","YENİGÖL MAH. YENİGÖL CAD. NO:168 MURATPAŞA / ANTALYA","05325052097","https://www.makibilisim.com/","ikursat@makibilisim.com","KÜRŞAT ALBAYRAK","ANTALYA","MURATPAŞA","2","Kobi"
"610265","INSTORE BİLİŞİM LTD. (1)","ERENLER MAH. 1201 SK NO:5/A MEYDAN54 AVM OFİS:38 ERENLER/SAKARY","08503035882","www.bracket.com.tr","destek@bracket.com.tr","İLHAMİ ÇAKMAK","SAKARYA","ERENLER","6","Bulut Çözüm Geliştirme, Çözüm Geliştirme, Kobi, Netopenx Çözüm Geliştirme"
"610293","DESTAN YAZILIM BİLGİSAYAR GÜVENLİK SİSTEMLERİ DANIŞMANLIK SANAYİ VE TİCARET LİMİTED ŞİRKETİ","SAHABIYE MAH.  OTAK SOKAK ÖMERCİKLER İŞ MERKEZİ NO:21 KAT:2 DAİRE:4","03522213676","www.ulkubilgisayar.com","murat@ulkubilgisayar.com","MURAT ÜLKÜ","KAYSERİ","KOCASİNAN","8","Kobi"
"610309","LAYDA BİLGİSAYAR YAZILIM VE DANIŞMANLIK LİMİTED ŞİRKETİ","İSTASYON MAHALLESİ SAADET CADDESİ EMNİYET APT. NO:94","05438918182","www.favoribilisim.com","fatihgenc@favoribilisim.com","FATİH GENÇ","SAMSUN","İLKADIM","1","Kobi"
"610681","INNOV8 INFINITE TECHNOLOGY PRIVATE LIMITED","201 R R REALTY COMPLEX LBS MARG BHANDUP WEST","009102265240101","www.4qs.in","sales@4qs.in","RAMESH MUDALIYAR","MAHARAŞTA","*","1","Yurt Dışı İş Ortağı"
"610908","MAZEWORKS SOLUTIONS PVT. LTD.","901, PLEASANT TOWER, C P ROAD, KANDIVALI EAST, MUMBAI 400101","009102228853111","www.innov8it.in","contact@innov8it.in","HARISH SHARMA","MAHARAŞTA","*","3","Yurt Dışı İş Ortağı"
"610955","MERCEK BİLİŞİM YAZILIM VE DANIŞMANLIK HİZMETLERİ TİCARET LİMİTED ŞİRKETİ","KÜÇÜKBAKKALKÖY MAH. SONAY SK. NO:6 ATA PLAZA K:3 D:4 ATAŞEHİR/İSTANBUL","02165776188","www.mercekbilisim.com.tr","","","ANKARA","ETİMESGUT","0","Çözüm Geliştirme, Fonksiyonel İş Ortağı – Depo Yönetimi, Fonksiyonel İş Ortağı – İnsan Kaynakları, Fonksiyonel İş Ortağı - İş Akış Yönetimi, Kurumsal, LPT Çözüm Geliştirme, Objects Çözüm Geliştirme"
"610973","INNOVA SYSTEMS (INDIA) PVT. LTD.","1st Floor, Janaki Commercial Complex, \\r\\nL.B. Road, Periyar Nagar, \\r\\nThiruvanmiyur, Chennai 600 041","00919962518777","www.mazeworkssolutions.com","premnath@mazeworkssolutions.com","Naveen Prabhu","Tamil Nadu","*","3","Yurt Dışı İş Ortağı"
"611245","THE LOTUS INFOSYS","4, Samyak, Gitabaug Society, Paldi, Ahmedabad - 380007","0091079-26650423","www.innova-india.com","info@innova-india.com","JATIN DESAI","Gucerat","*","4","Yurt Dışı İş Ortağı"
"611311","SAGE SOLUTIONS","","00919828021205","www.thelotusinfosys.com","thelotusinfosys@gmail.com","KAMAL KUMAR KHANDELW","Racastan","*","1","Yurt Dışı İş Ortağı"
"611402","ENOMENSOFT YAZILIM VE DANIŞMANLIK HİZMETLERİ - ENGİN ALTUN","HACI HALİL MAH. 1207  SOK. NO: 1 / 5 MATCH OFFICE KAT:5","05531009938","www.enomensoft.com","engin@enomensoft.com","ENGİN ALTUN","KOCAELİ","GEBZE","8","Kurumsal"
"611423","MH BİLİŞİM VE E-TİCARET LİMİTED ŞİRKETİ","GEVHER NESİBE MAH. TEKİN SOK. ELİT PLAZA 22/26","03522224030","www.destanyazilim.com","s.kucuk@destanyazilim.com","SİNAN KÜÇÜK","KAYSERİ","KOCASİNAN","5","Kobi"
"611427","ESEN SAVUNMA SİSTEMLERİ YAZILIM ENERJİ İNŞAAT MOBİLYA MEDİKAL KURUMSAL HİZMETLER İTHA","BARIŞ MAH. 1021. SK. TOKİ 1. ETAP FG10-B BLOK NO:9","05494101421","www.esenyazilim.com","v.esen@esenyazilim.com","VEYSİ ESEN","DİYARBAKIR","KAYAPINAR","3","Kobi"
"611714","ARCUS SOLUTIONS","F-315,1st Floor,Dreams Mall,Bhandup (W),Mumbai-400078.","00919321118162","www.sagesolutions.org.in","sachin@sagesolutions.org.in","Sachin Achrekar","MAHARAŞTA","*","3","Yurt Dışı İş Ortağı"
"611782","INSTORE BİLİŞİM LTD. (1)","KUZEY SOKAK KAYNAK APT. NO:20/B","03924440380","www.instorebilisim.com","emir.kaynak@instorebilisim.com","EMİR HÜSEYİN KAYNAK","LEFKOŞA","LEFKOŞA","4","Kobi"
"611943","PEGASYS INFORMATİON TECHNOLOGİES PVT LTD","205, SECTOR 38, GURGAON - 122005 GURGAON","00919999839864","","arcussolutions@outlook.com","Richa Kanaujia","GURGAON","*","2","Yurt Dışı İş Ortağı"
"611961","TECHJOCEKY INFOTECH PRIVATE LIMITED","THE PLATİNA, B-609, GACHİBOWLİ MAİN ROAD, GACHİBOWLİ, TELANGANA, 500032","009104065556518","www.pegasyssoft.com","bhandari.ramesh@pegasyssoft.com","Ramesh Bhandari","HYDERABAD","*","2","Yurt Dışı İş Ortağı"
"612021","ZENAIS CONSULTANCY SERVICES PVT. LTD.","TECHJOCKEY INFOTECH PVT. LTD. \\r\\n003,GROUND FLOOR,TOWER-4B,DLF \\r\\nCORPORATE PARK, \\r\\nPİN CODE-122002","00919205781956 ","www.techjockey.com","alliances@techjockey.com","Dhiraj Das","GURGAON","*","2","Yurt Dışı İş Ortağı"
"612037","AIIS TECH SOLUTIONS PVT LTD","BİLLİNG ADDRESS: 196, PİCNİC PARK, PİCNİC GARDEN ROAD. KOLKATA 700 039. \\n\\nCOMUNİCATİON ADDRESS: GA 169, 462 RAJDANGA MAİN ROAD KOLKATA 700 107  \\n\\nLAND MARK: BEHİND GATEWAY HOTEL KOLKATA ,WEST BENGAL","00919051230100","www.zcs.co.in","info@zcs.co.in","Soumyabrata Dutta","KOLKATA","*","2","Yurt Dışı İş Ortağı"
"61242","KAHRAMAN BİLİŞİM - TAMER KAHRAMAN","REŞATBEY MAH. 62012 SOKAK NO 5 KAHRAMAN APT. KAT 2 DAIRE 3","03223636527","www.infoyazilim.com","info@infoyazilim.com","MEHMET EKİCİ","ADANA","SEYHAN","6","Çözüm Geliştirme, Kobi, Objects Çözüm Geliştirme"
"612530","KENAN KARATAŞ-UZMAN BİLGİSAYAR","VALİ MİTHATBEY MAH. NEDİM ODABAŞI İŞ MERKEZİ A BLOK KAT:4 NO:73","04322144303","www.uzmanbilgisayarvan.com","tamdestek@hotmail.com","KENAN KARATAŞ","VAN","İPEKYOLU","2","Kobi"
"612758","YASHUSS UNLIMITED BUSINESS SOLUTIONS PVT LTD","6-6-122, 2ND FLOOR, BEHİND SBI","009104067591499","www.aiistech.com","info@aiistech.com","Subrahmanyam Bh V S","TELANGANA","*","5","Yurt Dışı İş Ortağı"
"614769","STREAMLINE","B/103, GIRIRAJ HEIGHTS, LINK ROAD, KANDIVALI WEST","0091022-28677156","www.yashussunlimited.com","unfold@yashussunlimited.com","AMİ SHETH","MAHARAŞTA","*","2","Yurt Dışı İş Ortağı"
"614866","EXTENSION TECHNOLOGIES","103, Bakhatgarh Tower 10/1 New Palasia Indore-452001","917314090634","www.streamline.co.in","pankaj@streamline.co.in","Roshni Verma","Madhya Pradeş","*","4","Yurt Dışı İş Ortağı"
"61488","KALEM YAZILIM LTD. ŞTİ.","ATAŞEHİR MAHALLESİ 2005. SOKAK NO:Z01 ELAZIĞ MERKEZ","04242338580","www.internetbilgisayar.net","tersun23@gmail.com","MEHMET TERSUN İNCE","ELAZIĞ","MERKEZ","15","Kurumsal"
"615195","TECHNOFAST CONSULTING SOLUTIONS PRIVATE LIMITED","9/4,BASEMENT,\\r\\nSARVPRIYA VIHAR,NEW DELHI","917607952779","http://www.extensionerp.com","hello@extensionerp.com","Ram Bandhu tiwari","DELHİ","*","3","Yurt Dışı İş Ortağı"
"615367","FUTURESCAPE TECHNOLOGIES PRIVATE LIMITED","601, 6TH FLOOR, TOWER A, SIGNATURE TOWERS","912424422850","www.technofastconsulting.com","india@technofastconsulting.com","MR RAJEEV RAZDAN","GURGAON","*","4","Yurt Dışı İş Ortağı"
"615428","TOO NILSU","CYBER ONE 1905, PLOT NO. 4/6, SECTOR 30A, VASHI, NAVI MUMBAI - 400 703.","912220870058","www.futurescape.co.in","siddhesh.mukadam@fuutrescapetech.com","RABİNDER SHARMA","MAHARAŞTA","*","3","Yurt Dışı İş Ortağı"
"615521","SIXTH SENSE MARKETING PRIVATE LIMITED","SIMKENT SEHRI ALMATI TASKENT YOLU  GUNEY KAZAKISTAN","0077059010618","","ilyasuzun@hotmail.com","İLYAS UZUN","ALMATİ","*","1","Yurt Dışı İş Ortağı"
"618106","IGNITION TECHNOLOGIES","403, Pukhraj Corporate, Near Prashant Hotel, Navlakha","917314047527","www.sixthsenseit.com","info@sixthsenseit.com","MR PİYUSH NAGAR","Madhya Pradeş","*","3","Yurt Dışı İş Ortağı"
"618121","BIZGATE TECHNOLOGIES PRIVATE LIMITED","B-401,GOVİND NAGAR,KASTURİ ESTATE,\\r\\nHANUMAN NAGAR, PHATAK ROAD,\\r\\nBHAYANDAR – EAST.THANE – 401105","919819824288","www.ignitiontech.in","info@ignitiontech.in","GAURANG BHATT","MAHARAŞTA","*","1","Yurt Dışı İş Ortağı"
"618320","GRAN ESTRELA XK","3/D/301, KARTIKYA PARK, MALEWADI, NEAR SAKSHI PARK, MALEWADI, PANVEL MATHERAN ROAD, NEW PANVEL, NAVI MUMBAI - RAIGAD, MAHARASHRA STATE, INDIA","917045644701","www.bizgategroup.com","niteen@bizgategroup.com","MADHUKAR MAILE","MAHARAŞTA","*","3","Yurt Dışı İş Ortağı"
"618398","PARTH INFOTECH SOLUTIONS PRIVATE LIMITED","SHUHRAT MADVALİYEV, OYBEK IGAMBERDİYEV, ODİL TOSHKHODJAEV,","00998909394863","","logo.uzbekistan@gmail.com","","TAŞKENT","*","3","Yurt Dışı İş Ortağı"
"618772","CACHE INFOTECH PVT. LTD.","201, ECO HOUSE, OPP AAREY ROAD, VISHWESHWAR NAGAR, GOREGAON","910240179999","www.parthinfotech.com","rk@parthinfotech.com","RAJESH KATTILEPURATH","MAHARAŞTA","*","2","Yurt Dışı İş Ortağı"
"619227","ACCOUNTS AND TAX MINERS","33 3RD FLOOR DEEPAK BUİLDİNG-13, NEHRU PLACE, NEW DELHİ-110019","00911141576922","www.cacheinfotech.com","alok@cacheinfotech.com","ALOK GUPTA","DELHİ","*","4","Yurt Dışı İş Ortağı"
"619368","SOFTWARE BANK","C 7 , SUNDER BHUWAN, SAROJINI NAIDU ROAD, BH BHURABHAI HALL, KANDIVALI - WEST","912228092247","www.atminfotech.com","atminfotech@ymail.com","JAYESH N SONPAL","MAHARAŞTA","*","3","Yurt Dışı İş Ortağı"
"619645","OPTİMA BİLİŞİM TEKNOLOJİLERİ VE YAZILIM DANIŞMANLIK HİZMETLERİ TİCARET LİMİTED ŞİRKETİ","CUMHURIYET MAHALLESI KARLIDERE CADDESI EVREN SOKAK NO:3/3","08505326614","www.optimateknoloji.com.tr","mujgan.topaloglu@emyyazilim.com","MÜJGAN TOPALOĞLU","BURSA","NİLÜFER","12","Çözüm Geliştirme, Fonksiyonel İş Ortağı – Depo Yönetimi, Kurumsal, Objects Çözüm Geliştirme"
"619677","ÖNDER PEKHAS-LOGO BİLİŞİM","CUMHURIYET CD. RAMAZANOĞLU APT. B BLOK NO:43/14","05373688013","www.logobilisim.com","yuksel@projesoft.com","ÖNDER PEKHAS","ADANA","BEYOĞLU","2","Kobi, Kurumsal"
"620788","LOGOFİS YAZILIM DANIŞMANLIK SANAYİ VE TİCARET LİMİTED ŞİRKETİ","ALTINTOP MAH. 855 SOK. NO:6/A","05428414869","wwwlogofis.com.tr","kenan@logofis.com.tr","KENAN GÖR","DENİZLİ","MERKEZEFENDİ","3","Kobi"
"620799","MUHAMMET BAKIR YALMAN-BİLSER YAZILIM","KILIÇDEDE MAH. SAADET CAD. NO:169/4 KAT:3","03622333818","www.3kyazilim.com","burak.tuzen@3kyazilim.com","BURAK TÜZEN","SAMSUN","İLKADIM","6","Bulut İş Ortağı, Fonksiyonel İş Ortağı - İş Akış Yönetimi, Kurumsal"
"620903","SERAP KAYA-NOVATEK YAZILIM VE BİLİŞİM TEKNOLOJİLERİ","OSTİM OSB MAH. CEVAT DÜNDAR CAD. NO:1/31","05359316757","www.logimat.com.tr","koray.karaman@logimat.com.tr","KORAY KARAMAN","ANKARA","YENİMAHALLE","4","Kurumsal"
"621487","ASTUTE SYSTEMS PVT. LTD","20 SHAT AL ARAB STREET, UM OTHAYNA, 2ND FLOOR JORDAN","00962797550032","www.softwarebankme.com","a.adnani@softwarebankme.com","ALAA AL ADNANİ","AMMAN","*","10","Yurt Dışı İş Ortağı"
"622053","INSTORE BİLİŞİM LTD.","KUZEY SOKAK KAYNAK APT NO:20/B","05338626413","www.instorebilisim.com","info@instorebilisim.com","EMİR HÜSEYİN KAYNAK","LEFKOŞA","LEFKOŞA","2","Çözüm Geliştirme, Netopenx Çözüm Geliştirme"
"622621","BETA YAZILIM- MUSTAFA FERDİ AKYÜZ","MEDYA MAH. 154. SK. MİLENYUM 1 32 KAYAPINAR/ DİYARBAKIR","05322263085","","ferdi@betayazilim.com","MUSTAFA FERDİ AKYÜZ","DİYARBAKIR","KAYAPINAR","1","Çözüm Geliştirme, Objects Çözüm Geliştirme"
"622702","İDE SOFT MMC","609 Gateway Plaza, Hiranandani Gardens, Powai","912125706993","","vvenkatramani@astutesystems.net","SRİNİVASAN VENGARİA VİSWANATHAN","MAHARAŞTA","*","3","Yurt Dışı İş Ortağı"
"625073","ARDA BİLİŞİM HİZMETLERİ PAZ SAN.TİC-ARZU KÖSE","Hızırbey Mah. Devlet Sahil Yolu Cad. 121A Ortahisar-TRABZON","04623260303","www.barpos.com.tr","mustafa.haliloglu@barpos.com.tr","MUSTAFA HALİLOĞLU","TRABZON","ORTAHİSAR","5","Bulut Çözüm Geliştirme, Çözüm Geliştirme, Kobi"
"625916","FVS TEKNOLOJİ BİLİŞİM TİCARET LİMİTED ŞİRKETİ","PERGE BULVARI / 1600 SK., TAHA BERK, 2, 6","02422477528","https://bilser.net/","myalman@bilseryazilim.com","MUHAMMET B YALMAN","ANTALYA","MURATPAŞA","9","Kobi"
"626983","ÖZGÜR TEKNOLOJİ YAZILIM BİLİŞİM İNOVASYON SANAYİ TİCARET LİMİTED ŞİRKETİ","FEVZİ ÇAKMAK MAH. 10638. SK C2 BLOK NO:7/A İÇ KAPI NO:105","05533876651","","ozgur@eksperbilisim.com","ÖZGÜR DÜZENLİ","KONYA","KARATAY","2","Kobi"
"627144","NETBİL BİLGİ İŞLEM","HACI HALİL MAH. YENİ BAĞDAT CADDESİ NO:432","05324380871","info@netbil.com.tr","bt@oz.web.tr","MUHTEREN ÇAY","KOCAELİ","GEBZE","6","Kobi"
"627275","İYİBİR YAZILIM VE TEKNOLOJİ SANAYİ TİCARET LİMİTED ŞİRKETİ","REŞATBEY MAH 62010 SK NO:40  FERDA ÖZYİĞİT APT. KAT:3 D:8","03224597024","www.logolinesistem.com","meynur@logolinesistem.com","MEHNUR BÜYÜKYILMAZ","ADANA","SEYHAN","4","Kobi"
"627412","FORES GMBH","ALESKER GAYIBOV 12","00124114765","www.ide.az","info@ide.az","BABAK RAHİMOV","BAKÜ","*","11","Yurt Dışı İş Ortağı"
"627505","İNNOVA YAZILIM BİLGİSAYAR MÜHENDİSLİK GIDA TİCARET LİMİTED ŞİRKETİ (1)","KIRCAMİ MAH. PERGE CADDESİ ALTUNİŞ SİTESİ NO:85 D:21 MURATPAŞA / ANTALYA","05442414555","www.iyb.com.tr","orhan@iyb.com.tr","ORHAN ÇÖPÜROĞLU","ANTALYA","MURATPAŞA","13","Kobi, Kurumsal"
"628077","MTN GRUP TEKNOLOJİ VE YATIRIM ANONİM ŞİRKETİ (1)","DEĞİRMİÇEM MAH. ÖZGÜRLÜK CAD. NO:40/B","03423218989","www.mtnsoft.com.tr","metin@mtnsoft.com.tr","METİN KÜRÜMLÜOĞLU","GAZİANTEP","ŞEHİTKAMİL","1","Çözüm Geliştirme, Kobi, Objects Çözüm Geliştirme"
"629131","FÜZYON BİLGİSAYAR-ÖZKAN ÖZ","FEVZİ ÇAKMAK MAH. İSTANBUL CAD. BORA SOKAK NO:20/A","02268110094","www.fuzyon.com","info@bdsistem.com.tr","ÖZKAN ÖZ","YALOVA","MERKEZ","13","Kobi"
"631592","FORES GMBH","WARBRUCKSTRASSE 43","00491726407133","https://www.fores.de","coskun@fores.de","KADİR COŞKUN","DUISBURG","*","14","Yurt Dışı İş Ortağı"
"631632","PREMİERSOFT YAZILIM VE DANIŞMANLIK A.Ş.","ÜÇEVLER MH TANAY CD ESRA SK NO:12/6","02244418111","http://www.dorabilisim.com","sedatok@orakci.com","DORA BİLİSİM","BURSA","NİLÜFER","13","Çözüm Geliştirme, LPT Çözüm Geliştirme, Objects Çözüm Geliştirme"
"632084","DESTEK SERVİS DONANIM VE YAZILIM DESTEK HİZMETLERİ -ORAL MUSLULAR- EDİRNE","IHSANIYE MAH. 722 SK. NO: 34 IÇ KAPI NO: 1 BANDIRMA/ BALIKESIR","05335917727","www.pandermabilism.com","info@pandermabilisim.com","FATİH PARLAK","BALIKESİR","BANDIRMA","3","Kobi"
"63253","KARE BİLGİSAYAR MÜHENDİSLİK HİZ. SAN. VE TİC. LTD. ŞTİ.","YAVRUTURNA MAH. KULAKSIZ SOKAK NO: 53/A","03642242600","www.karbil.com.tr","karbil@karbil.com.tr","MUHAMMET FATİH KARACAKÖYLÜ","ÇORUM","MERKEZ","8","Kobi"
"633940","HÜLYA KARADAYI","BARBAROS MAH. OYMAK CAD. SÜMER HUKUK PLAZA  NO: B BLOK KAT:5 NO:10/29","03522228697","","akaraca@krcsoft.net","AHMET KARACA","KAYSERİ","KOCASİNAN","3","Kurumsal"
"633941","NİLÜFER YAZILIM VE BİLİŞİM HİZMETLERİ SAN.TİC.LTD.ŞTİ.","KURTULUŞ ŞHT. J. UZMAN ÇVŞ. MUSTAFA MERCANOĞLU CD.  NO:33","03266133233","www.edisonbilgisayar.com.tr","necip@edisonbilgisayar.com.tr","MEHMET NECİP MELAYİM","HATAY","İSKENDERUN","2","Kobi"
"634398","EVOSAS YAZILIM TEKNOLOJİ VE DANIŞMANLIK LİMİTED ŞİRKETİ","ŞİRİNKÖY MAH. 874. SK. A BLOK NO: 76 /1A GÖLCÜK/\\nKOCAELİ\\n","05555640870","","info@evosas.com","TURAY AYDOĞDU","KOCAELİ","GÖLCÜK","1","Çözüm Geliştirme, Kurumsal"
"635127","DZ FRESH FOODS PVT LTD","AZERBAİJAN, BAKU, YUSİF VЕZİR CЕMЕNZЕMİNLİ STREET NO 24, GREEN PLAZA","00994552665697","hesabdaroglu.az","info@hesabdaroglu.az","QULU IBRAHİMLİ","BAKÜ","*","5","Yurt Dışı İş Ortağı"
"636409","ATALYA BİLİŞİM TEKNOLOJİLERİ VE YAZILIM DANIŞMANLIK HİZMETLERİ TİCARET LTD. ŞTİ. (1)","KIŞLA MAH. 51. SOKAK 7/202  GREEN PLAZA MURATPAŞA-ANTALYA","02423118445","http://www.prestobilisim.com/","satis@prestobilisim.com.tr","AHMET ERSİN","ANTALYA","MURATPAŞA","15","Kurumsal"
"637066","MTA YAZILIM ÇÖZÜMLERİ VE DANIŞMANLIK TİCARET LİMİTED ŞİRKETİ","YENİKENT MAH. SERKAN ÖZÇERİ CAD. BULUT 3 NO: 8 A İÇ KAPI NO: 10","05445263933","www.mtayazilim.com","murat.turk@mtayazilim.com","MURAT TÜRK","KOCAELİ","GEBZE","2","Kobi"
"637094","AZEM YAZILIM BİLİŞİM VE TEKNOLOJİLERİ LİMİTED ŞİRKETİ","MAHFESIĞMAZ MAH. DAMAR ARIKOĞLU BULV NO:33/A","05421760310","www.azemyazilim.com","info@azemyazilim.com","FIRAT YİĞİTCAN","ADANA","ÇUKUROVA","2","Bulut Çözüm Geliştirme, Bulut İş Ortağı, Çözüm Geliştirme, Kobi"
"647265","TAYQA PROJECTS","ZİYA BUNYADOV AVENUE 13, AZ1000, BAKU, AZERBAİJAN","00994553881124","www.tayqaprojects.com","info@azemyazilim.com","ILKIN ABDULHAMIDOV","BAKÜ","ÇUKUROVA","2","Yurt Dışı İş Ortağı"
"647403","TEKNO4 BİLİŞİM BİLGİSAYAR VE DANIŞMANLIK LİMİTED ŞİRKETİ","AKKENT MH.ANKARA YOLU BULVARI NO 70","05398280200","www.tekno4.com","info@tekno4.com","AKIN ÖZKAYIT","ÇORUM","MERKEZ","3","Kobi"
"648626","SENFONY BİLGİSAYAR KIRT.BÜR.MAK.TEL.SAN.TİC.LTD.ŞTİ.","M.EMİN KILIÇKALE CD., 21/B","05326680658","www.netinteraktif.com","onder@netinteraktif.com","ÖNDER TOMBALAK","GAZİANTEP","ŞEHİTKAMİL","3","Kobi"
"649000","2M AKADEMİ DANIŞMANLIK VE İŞ ZEKA ÇÖZÜMLERİ EĞİTİM İNŞAAT SANAYİ VE TİCARET LİMİTED ŞİRKETİ","KALE MAH. ETİ CAD. MUTLU APT. NO: 32/2","05326413904","","mutlu.coskun@2m-danismanlik.com","MUTLU COŞKUN","ÇORUM","MERKEZ","4","Kobi, Kurumsal"
"649037","E4 YAZILIM BİLİŞİM DANIŞMANLIK İÇ VE DIŞ TİCARET LİMİTED ŞİRKETİ","KÜLTÜR MAHALLESİ, KÜLTÜR MAH. SERDAR SEVEN İŞ MERKEZİ NO:1/111","05325862876","www.arslanbilgisayarveyazilim.com","hasan@arslanbilgisayarveyazilim.com","HASAN ARSLAN","DÜZCE","MERKEZ","1","Kobi"
"649070","ATALYA BİLİŞİM TEKNOLOJİLERİ VE YAZILIM DANIŞMANLIK HİZMETLERİ TİCARET LTD. ŞTİ.","MUSTAFA KEMAL MAH. 2128 SOK. 14/A","03124173929","www.yazmek.com","a.gocmencelebi@yazmek.com","ALP GÖÇMENÇELEBİ","ANKARA","ÇANKAYA","6","Bulut Çözüm Geliştirme, Çözüm Geliştirme, Kobi"
"649196","NSD BİLGİSAYAR VE YAZILIM HİZMETLERİ","BÜLBÜLZADE MAH. ŞEHİT OĞUZHAN TEKEREK CAD. BO:24/AB","03422555343","http://www.nsdbilgisayar.com","bulent@nsdbilgisayar.com","BÜLENT KANAT","GAZİANTEP","ŞAHİNBEY","2","Kobi"
"650044","GRAFEN YAZILIM SANAYİ VE TİCARET A.Ş.","ÇINAR MAH. FATİH CAD. NO:1-23 D:316","05335483097","","info@artiagb.com","ERDEM AYVAZOĞLU","MANİSA","SOMA","2","Kobi"
"650802","BOSPHORUS INTERNATIONAL TRADING WLL(MSK GLOBAL)","Salwa Road Street, Ain Khalid Commercial Building Property No: 94692 P.O.Box 21815","05321648698","","serdar@mskglobal.net","MUSTAFA SERDAR KUZYAKA","Doha","*","2","Yurt Dışı İş Ortağı"
"650988","SMART BUSINESS COMPANY GLOBAL TRADE LCC(MSK GLOBAL)","FARGONA YULİ 23, YASHNABAD","05321648698","","serdar@mskglobal.net","MUSTAFA SERDAR KUZYAKA","Doha","*","3","Yurt Dışı İş Ortağı"
"651890","BEİT\u0026PARTNERS MMC","AHMAD RAJABLİ 2/32","0994556410025","www.beitpartners.com","sales@sbcglobaltrade.com","FARİD ALİYEV","BAKÜ","*","2","Yurt Dışı İş Ortağı"
"652114","AES YAZILIM DANIŞMANLIK HİZMETLERİ TİCARET LİMİTED ŞİRKETİ","SIRAKAPILAR MAH 1583 SOK NO:28  KAT:3 D:12","02582418710","www.edonanim.com","logo@edonanim.com","DUYGU SAMUR","DENİZLİ","DENİZLİ","6","Çözüm Geliştirme"
"653255","DATASTİL TEKNOLOJİ ÇÖZÜMLERİ BİLİŞİM SAN.TİC.LTD.ŞTİ.","ATA MAHALLESİ 3527 SOKAK NO:2 YENİMAHALLE /ANKARA","05422561713","www.comtek.com.tr","levent@comtek.com.tr","LEVENT ÖZMEN","ANKARA","YENİMAHALLE","8","Bulut Çözüm Geliştirme, Çözüm Geliştirme, Kobi"
"657018","İLKİM BİLGİSAYAR YAZILIM TEKSTİL İNŞAAT SAN. VE TİC. LTD. ŞTİ.","KEMALÖZ MAHALLESİ MEHMET TOPAÇ BULVARI NO:102","02762235000","www.ilkimbilgisayar.net","ozgur@ilkimbilgisayar.net","ÖZGÜR ALİ KAYA","UŞAK","MERKEZ","3","Kobi"
"659626","BEY AKADEMİ BİLİŞİM EĞİTİM YÖNETİM DENETİM DANIŞMANLIK LİMİTED ŞİRKETİ","REŞATBEY MAH.  62029 SOKAK AYDOĞDU APT. KAT:1 SANATÇILAR PARKI YANI, 01250 SEYHAN/ADANA","03224582955","www.beyakademi.com","byildiz@beyakademi.com","BAHİYETTİN YILDIZ","ADANA","SEYHAN","9","Bulut İş Ortağı, Kobi"
"659862","DGN BİLGİ TEKNOLOJİLERİ PROJE DANIŞMANLIK VE YAZILIM SANAYİ TİCARET LİMİTED ŞİRKETİ","KARADENİZ MAH.AZİZİYE CAD.NO:3C/K","03624082000","www.novatekbilisim.com","mahmut@novatekbilisim.com","MAHMUT KAYA","SAMSUN","İLKADIM","3","Bulut İş Ortağı, Kobi"
"659882","A3 YAZILIM BİLGİSAYAR İNŞAAT MEDİKAL ELEKTRONİK TAAHHÜT İMALAT SANAYİ TİCARET LİMİTED ŞİRKETİ","SAĞLIK 1. SOKAK, 12, 12","03124323239","www.a3bilgisayar.com.tr","info@a3bilgisayar.com.tr","ALİ TOMBUL","ANKARA","ÇANKAYA","6","Kobi"
"660930","DESTEK11 YAZILIM VE DANIŞMANLIK HİZMETLERİ TİCARET LİMİTED ŞİRKETİ","ITALIAN CITY 1 NO :165 ERBIL IRAQ","+9647503642727","","mehmet@arzengroup.com","MEHMET PARLAKSOY","ERBİL","*","7","Yurt Dışı İş Ortağı"
"663056","ARZEN GROUP-MEHMET PARLAKSOY","DEGİRMİÇEM MAH. ÖZGÜRLÜK CAD TEKİNALP PLAZA  NO:32","08502592773","","yazilim@netus.com.tr","BEYHAN PARLAKSOY","GAZİANTEP","KARABAĞLAR","3","Kurumsal"
"663256","NAVY SOFT BİLİŞİM OTOMASYON DANIŞMANLIK SANAYİ VE TİCARET LİMİTED ŞİRKETİ","KARASOKU MAH. KIZILAY CAD. MURAT GÜLER IŞ HANI NO: 33 İÇ KAPI NO: 602 SEYHAN/ ADANA","03221111111","www.7netbilisim.com","erdem@7netbilisim.com","OĞUZHAN ERDEM","ADANA","SEYHAN","1","Kobi"
"664341","DAVUT ÖZTÜRKATALAY-DURE BİLİŞİM","ELMALI MAH.MİLLİ EGEMENLİK CAD.9.SOK NO:25/2","02422418000","www.durebilisim.com","davut@durebilisim.com","DAVUT ÖZTÜRKATALAY","ANTALYA","MURATPAŞA","5","Bulut İş Ortağı, Kobi"
"664389","QUANTUM ERP LIMITED","54 UPPERTOWN ROAD , UB6 9JF","00447413908900","","bill.alimm@gmail.com","BİLL BEDİRHAN ALİM","LONDRA","*","1","Yurt Dışı İş Ortağı"
"666701","TREX DİJİTAL AKKILI ÜRETİM SİSTEMLERİ ANONİM ŞİRKETİ(NWÇ)","19 MAYIS MAH. TUTKU CAD. NO: 10","02244443468","","ilhan@trex.com.tr","İLHAN ÖZDEMİR","BURSA","NİLÜFER","5","Çözüm Geliştirme, Netopenx Çözüm Geliştirme"
"667013","TLS YAZILIM DANIŞMANLIK LİMİTED ŞİRKETİ","ÇİFTEKAVAK MAHALLESİ KÜÇÜK SANAYİ CAD.MODERN KÜÇÜK SANAYİ SİT.NO:13","04642631111","www.navysoft.com.tr","info@navysoft.com.tr","SALİH ULUDOĞAN","RİZE","MERKEZ","6","Kobi"
"669288","BARAN EMEN - ARTUKLU BİLİŞİM TEKNOLOJİLERİ","13 MART MAH 15 TEMMUZ ŞEHİTLER CADDESİ ARTUKLU İŞ MERKEZİ KAT:6 NO:11","05370354699","www.artuklubt.com","ilhan@trex.com.tr","AHMET EMEN","BURSA","NİLÜFER","5","Kobi"
"66974","KONTROL GRUP YAZILIM BİLGİSAYAR BİLİŞİM DANIŞMANLIK İLETİŞİM SANAYİ VE TİCARET LİMİTED ŞİRKETİ","HOŞDERE CD. NO:128/9","03124387222","www.kontrolyazilim.com.tr","info@kontrolyazilim.com.tr","HAKAN CEBECİ","ANKARA","ÇANKAYA","11","Çözüm Geliştirme, Kobi, Kurumsal, Objects Çözüm Geliştirme"
"670206","RAMAZAN KANKUR","Y.DUDULLU MH. GÖKYÜZÜ SK. NO:23 K:4 D:4","05334700140","","info@artuklubt.com","Ramazan Kankur","MARDİN","ARTUKLU","3","Kurumsal"
"671876","ARASSA NUSGA","2127 (G.GULYYEW) AVE., 24  BERKARARLYK","0099312754450","www.arassanusga.com","a.petrosov@arassanusga.com","ALEKSANDR PETROSOV","AŞKABAT","*","8","Yurt Dışı İş Ortağı"
"674592","DOKUZ SİSTEM BİLİŞİM SAN. TİC. LTD. ŞTİ.","Hasanefendi(Ramazan Paşa) Mah. 1911 Sok. No : 6/ 1 EFELER AYDIN","05556634987","www.dokuzsistem.com","bilgi@dokuzsistem.com","HAKTAN AKDAĞ","AYDIN","EFELER","3","Çözüm Geliştirme, Objects Çözüm Geliştirme"
"675480","DOKUZ SİSTEM BİLİŞİM SAN. TİC. LTD. ŞTİ. (1)","HASANEFENDİ(RAMAZAN PAŞA) MAH. 1911 SOK. NO : 6/ 1 EFELER AYDIN","05556634987","www.dokuzsistem.com","bilgi@dokuzsistem.com","HAKTAN AKDAĞ","AYDIN","EFELER","1","Çözüm Geliştirme, Netopenx Çözüm Geliştirme"
"675748","DAVRAZ TEKNOLOJİ LTD.ŞTİ.","ÇÜNÜR MAH. 102. CAD. NO:185/8 EKONOMI KAMPÜSÜ","08502595969","www.davraz.com.tr","info@davraz.com.tr","YUNUS ZENGİN","ISPARTA","MERKEZ","11","Bulut İş Ortağı, Çözüm Geliştirme, Kurumsal, Objects Çözüm Geliştirme"
"679075","SEMİH FİŞEKCİ","SARICIOĞLU MAHALLESİ BUHARA BULVARI MATİM İŞ MERKEZİ A VE BLOK NO:160 / 801","05325020850","","info@davraz.com.tr","SEMİH FİŞEKCİ","MALATYA","BATTALGAZİ","11","Kobi"
"682027","ARTILIGENCE TECHNOLOGY LIMITED","59 HERSHAM CLOSE REOHAMPTON, LONDON SW15 4JQ","00447584781675","artiligencetechnology.com","info@ticimax.com","ADİL KÖROĞLU","LONDRA","*","7","Yurt Dışı İş Ortağı"
"68320","KUPA BİLGİSAYAR SİSTEMLERİ - FERHAT KARAKAŞ","İNCİLİPINAR GAZİ MUHTAR PAŞA BULV. AHMET ÖZKİRİŞÇİ APT. NO:28/C","03422150092","www.karebilgisayar.com","murat@karebilgisayar.com","MURAT DAŞKIN","GAZİANTEP","ŞEHİTKAMİL","7","Kobi"
"684152","LOGİMAT YAZILIM VE BİLİŞİM TEKNOLOJİLERİ TİCARET LİMİTED ŞİRKETİ","MÜCAHİTLER MAH. 52048 NOLU SK. NO: 7 İÇ KAPI NO: 1","03422153130","www.kuleyazilim.com","ismail@kuleyazilim.com","MUSTAFA BELVERENLİOĞLU","GAZİANTEP","ŞEHİTKAMİL","9","Kurumsal"
"686722","PİR YAZILIM VE TEKNOLOJİ SAN. TİC. A.Ş.","KOÜ TEKNOPARK NO:B:11 YENİKÖY","02623414004","","ysm@ysm.com.tr","SEDAT YAZICI","KOCAELİ","BAŞİSKELE","3","Çözüm Geliştirme, Objects Çözüm Geliştirme"
"686870","ZENSOFT YAZILIM A.Ş. (NETOPENX)","SÜLEYMAN DEMİREL ÜNİVERSİTESİ GÖLLER BÖLGESİ TEKNOKENT NO:252","02462222277","","info@zensoft.com.tr","Çağlar AÇIKGÖZ","ISPARTA","MERKEZ","1","Bulut Çözüm Geliştirme, Çözüm Geliştirme, Netopenx Çözüm Geliştirme"
"687260","PROLOG YAZILIM TİC.LTD.ŞTİ. (NWÇ)","ERCİYES ÜNİVERSİTESİ TEKNOLOJİ GELİŞTİRME BÖLGESİ IDARE BİNASİ VE KULUÇKA MERKEZİ-3 BİNASI DIŞ KAPI NO:67 IÇ KAPI NO:320","08502500776","","z.bilir@prolog.com.tr","ZAFER BİLİR","KAYSERİ","MELİKGAZİ","2","Çözüm Geliştirme, Netopenx Çözüm Geliştirme"
"68776","KUZEY SOFTWARE TEKNOLOJİ TİCARET LİMİTED ŞİRKETİ","MASLAK MAH SANATKARLAR SOKAK ECLIPSE MASLAK NO:2 C / 22","02826519262","https://activeteknoloji.com.tr/","umut@activeteknoloji.com.tr","UMUT YATMAN","TEKİRDAĞ","ÇORLU","4","Kurumsal"
"690008","ENETLE BİLGİ TEKNOLOJİLERİ - SALİHA KÜÇÜKKARAMAN","YAZIR MAHALLESİ SERKAN SOKAK NO: 5 / 19","05327139693","http://www.syscombt.com.tr","kucukkaraman@syscombt.com.tr","MEVLÜT KÜÇÜKKARAMAN","KONYA","SELÇUKLU","2","Kobi"
"692484","NSG BİLİŞİM DANIŞMANLIK HİZMETLERİ TİCARET LİMİTED ŞİRKETİ","YENİKÖY MAH. 74. SK. SARAY KONAKLARI 1. SİTESİ F BLOK NO:23/F","05339316166","www.mtcsoft.com.tr","arif.celik@mtcsoft.com.tr","ARİF ÇELİK","ANTALYA","DÖŞEMEALTI","3","Kobi"
"695123","KARTEPE BİLİŞİM VE DANIŞMANLIK-İSMAİL KARTEPE","BEŞEVLER MAH.BİLGİLİ SK.NO :23 İÇ KAPI NO :5 NİLÜFER/BURSA","05416557243","www.berkayazilim.com","berke.ozkan@berkayazilim.com","SUNA ÖZKAN","BURSA","NİLÜFER","3","Kobi"
"697073","Çemrek Bilgi Teknolojileri - Erhan ÇEMREK","YILDIRIM BEYAZIT MAH. AŞIK VEYSEL BLV. E.Ü. TGB İDARE VE KULUÇKA 4.BINA NO:67/3 NO:56","03522227929","https://www.cemrek.com.tr","ertan@cemrek.com.tr","ERTAN ÇEMREK","KAYSERİ","MELİKGAZİ","4","Kobi"
"69798","KREON BİLGİ İŞLEM İLETİŞİM SİS.TUR.TİC.LTD.ŞTİ.","MİTHATPAŞA SOKAK, 7, 1","05552630000","www.kreonbilgisayar.com","nedim@kreonbilgisayar.com","NEDİM KALMIŞ","MUĞLA","BODRUM","7","Kobi"
"69924","ERCAN ERKADAM-LOGİN BİLİŞİM","HOŞDERE CD. NO:128/9","03124387222","www.kontrolyazilim.com.tr","info@kontrolyazilim.com.tr","HAKAN CEBECİ","ANKARA","ÇANKAYA","11","Çözüm Geliştirme, Kobi, Kurumsal, Objects Çözüm Geliştirme"
"69937","GÖKHAN BİLİŞİM - GÖKHAN BAĞÇELİ","SIRAKAPILAR MAH. 1583 SOKAK NO:19 K:1 D:2","02582413371","","serdar@siberlog.com","GÖKHAN BAĞÇELİ","ANTALYA","MURATPAŞA","9","Kobi"
"69951","LOGOLİNE BİLGİSAYAR - MEHNUR BÜYÜKYILMAZ","REŞATBEY MAH 62010 SK NO:40  FERDA ÖZYİĞİT APT. KAT:3 D:8","03224597024","http://menabilisim.com/","muhasebe@menabilisim.com","ATAKAN NACİ HANBEYİ","ERZURUM","YAKUTİYE","3","Kobi"
"69952","BERRİN DEMİRCİ","Saray Mah. FSM Bul. Arıoğul Pasajı No:11","02742122828","","resitd@yahoo.com","REŞİT DÜRRÜOĞLU","KÜTAHYA","MERKEZ","3","Kobi"
"69958","LOGONET BİLİŞİM DESTEK DAN. HİZ. LTD. ŞTİ.","YAZIR MAH. ALIM SK. NO:12/4","05424833005","www.logocu.com","ercan@logocu.com","ERCAN ERKADAM","KONYA","SELÇUKLU","5","Kurumsal"
"69970","LOGO TEK BİLGİSAYAR VE DANIŞMANLIK YAZILIM SİSTEMLERİ SANAYİ TİCARET LİMİTED ŞİRKETİ","KÜÇÜKBAKKALKÖY MAH FEVZİPAŞA CAD NO 63 D6","05377700641","www.logotekbilgisayar.com","skulaz@logoteam.com.tr","ŞEVKET KULAZ","ADANA","SEYHAN","8","Kurumsal"
"70060","LTR BİLGİSAYAR SİSTEMLERİ LİMİTED ŞİRKETİ","Ali Suavi sok No:19","03122291668","www.ltr.com.tr","hamidets@ltr.com.tr","LEVENT KUBİLAY","ANKARA","ÇANKAYA","6","Kurumsal"
"704354","LODOS BİLİŞİM -FATİH ÇAPAN","AHİEVRAN OSB MAHALLESİ ASO BULVARI SİNOVA İŞ MERKEZİ NO:4 /2","03129111973","www.fvs.com.tr","erhan@espc.com.tr","OSMAN FATSA","ANKARA","SİNCAN","8","Kobi"
"705019","BAŞODA BİLİŞİM TEKNOLOJİLERİ ELEKTRONİK GIDA SAN. TİC. LTD. ŞTİ. (NWÇ)","HACIKAYMAK MAH.ŞEFİKCAN CAD NO:16/B","03322332712","www.basoda.com.tr","netsis@basoda.com.tr","MEHMET BAŞODA","KONYA","SELÇUKLU","2","Çözüm Geliştirme, Netopenx Çözüm Geliştirme"
"707732","MAKSİSTEM YAZILIM PROJE VE DANIŞMANLIK TİCARET LİMİTED ŞİRKETİ","FEVZİÇAKMAK MAH. MEDCEZİR CAD. A-BLOK NO: 10 İÇ KAPI NO: 103","03325028838","","mgergin@maksistem.com.tr","MEHMET GERGİN","KONYA","KARATAY","1","Kobi"
"71131","MAP YAZILIM ORGANİZASYON A.Ş.","ANKARA TEKNOLOJİ GELİŞTİRME BÖLGESİ A BLOK \\nNO:AZ05 BİLKENT","03122650077","www.mapyazilim.com","hakano@mapyazilim.com","HAKAN ÖZMAL","ANKARA","ÇANKAYA","4","Çözüm Geliştirme, Objects Çözüm Geliştirme"
"719514","ZINGER STICK SOFTWARE W.L.L","ALLİANCE BUSİNESS CENTER PALM TOWER BLOCK B, 15TH FLOOR\\r P.O 20048","97433221985","zingersticksoftware.com","info@zingersticksoftware.com","TÜMAY YURTÇU","Doha","*","4","Yurt Dışı İş Ortağı"
"7279","ALTERNATİF BİLGİSAYAR DANIŞMANLIK TİC. LTD. ŞTİ.","GAZI CAD.ELIF İŞHANI 11/2","03642253537","www.alternatifbilgisayar.com.tr","alper@alternatif.tc","ALPER BAŞARANHINCAL","ÇORUM","MERKEZ","5","Kobi"
"737467","SİBEL CEYHAN-TEXON GRUP BİLİŞİM HİZMETLERİ","YEŞİLIRMAK MAH. SITKI ULAŞOĞLU CAD. ERGÜLERYÜZ APT. 4/2B","05326540269","www.3syazilimofisi.com","a.oguzhan.y@hotmail.com","AHMET YANIK","TOKAT","MERKEZ","4","Kobi"
"738620","YAKYN H.K.","AŞGABAT Ş.,SEMT KÖPETDAG ,GEÇİT PARAHAT 4/1 ,EV 70","+99364558355","yakyn.biz","gylycdurdy@yakyn.biz","GYLYCDURDY UZAKBAYEV","AŞKABAT","*","1","Yurt Dışı İş Ortağı"
"739855","SYG BİLİŞİM SİSTEMLERİ TİC.SAN.LTD.ŞTİ.","23 NİSAN MAHALLESİ, ATA BULVARI 242. SOKAK GUZELL TOWER İŞ MERKEZİ, KAT:7 D:26","08508082881","www.iyibiryazilim.com.tr","volkan.sunuk@iyibiryazilim.com.tr","VOLKAN SUNUK","BURSA","NİLÜFER","12","Çözüm Geliştirme, Kobi, Objects Çözüm Geliştirme"
"740615","LOGICA BC","ABDULLA KAHHAR STR. №1/420, TASHKENT, UZBEKİSTAN","998974808900","logica.uz","gylycdurdy@yakyn.biz","ILHAM SULTANOV","AŞKABAT","*","1","Yurt Dışı İş Ortağı"
"741134","VERİTAS ERP YAZILIM DANIŞMANLIK HİZMETLERİ LTD.ŞTİ.","ÇANKAYA MAH. ÜSKÜP CAD. ERİM İŞHANI NO:16/22","05339246640","","info@logica.uz","ASLINUR KAHRAMAN","ANKARA","ÇANKAYA","1","Kurumsal"
"742222","NETERP BİLİŞİM TEKNOLOJİLERİ İLYAS ALİ SOLAK","FEVZI ÇAKMAK MAH. AKŞEMSETTIN CAD. NO:9 D:2","05072910140","www.nsgbilisim.com","sukruguler@nsgbilisim.com","ŞÜKRÜ GÜLER","ANTALYA","KEPEZ","1","Kobi"
"742897","FERİDE ERKMEN","HANÇERLİ MH. YALI CAMİ SOK. MURATHAN APT. NO:3/6 İLKADIM SAMSUN","05327371888","www.sektorbilgi.com","muhasebe@sektorbilgi.com","SİNAN ERKMEN","SAMSUN","İLKADIM","8","Çözüm Geliştirme, Kobi, Objects Çözüm Geliştirme"
"745777","DBA DANIŞMANLIK VE TEKNOLOJİ HİZMETLERİ LİMİTED ŞİRKETİ","SARAY MAH. 52 CAD NO : 22 KAHRAMANKAZAN","03123340404","https://www.akilsan.com","harun.cakmakoglu@akilsan.com","HARUN ÇAKMAKOĞLU","ANKARA","KAZAN","8","Çözüm Geliştirme, Kurumsal, Objects Çözüm Geliştirme"
"746028","FATİH KILIÇ-TEKNOREFERANS BİLİŞİM VE YAZILIM","GÜZELYURT MAH. KAYIN SK. NO: 3 İÇ KAPI NO: 14 KEÇİÖREN/ ANKARA","05379903454","www.tekno-referans.com","hdavulcuoglu@gmail.com","FATIH KILIÇ","ANKARA","KEÇİÖREN","1","Kobi"
"746928","PAYER YAZILIM ANONİM ŞİRKETİ","Yenişehir Mah Kardeşler Cad. No 7/2 Merkez Sivas","05412246171","www.payer.com.tr","osman@payer.com.tr","HASAN BASRİ KOÇ","SİVAS","MERKEZ","4","Çözüm Geliştirme, LPT Çözüm Geliştirme, Objects Çözüm Geliştirme"
"748730","RİVAL YAZILIM LTD.ŞTİ.","SEYRANTEPE SANAYİ MAH. ELAZIĞ BULVARI ÇEYSA TWIN TOWERS A BLOK NO: 47 A İÇ KAPI NO: 64","05357134385","https://rorodanismanlik.com/","uzeyir.alokmen@rorodanismanlik.com","ÜZEYIR ALÖKMEN","DİYARBAKIR","YENİŞEHİR","3","Bulut Çözüm Geliştirme, Bulut İş Ortağı, Çözüm Geliştirme, Kurumsal, Objects Çözüm Geliştirme"
"751511","MUHAMMED HALİL DEMİRKOLLU","SARAYLAR MAH. 465 SOK NO:2 K:2 D:6 MERKEZEFENDI/DENIZLI","02582423590","www.2m-bilisim.com","osman@payer.com.tr","MUHAMMED HALİL DEMİRKOLLU","DENİZLİ","MERKEZEFENDİ","4","Kobi"
"75263","METROSİS BİLGİ TEKNOLOJİLERİ YAZILIM İLETİŞİM VE DANIŞMANLIK HİZMETLERİ SANAYİ TİCARET LİMİTED ŞİRKETİ","FIRAT MAHALLESI 507. SOKAK NO : 13 ÇEYSA SERHAT PLAZA B BLOK 11/29 21070 KAYAPINAR / DIYARBAKIR","05323550887","www.metrobilgisayar.com.tr","mahmut.aybak@metrobilgisayar.com.tr","MAHMUT AYBAK","DİYARBAKIR","KAYAPINAR","11","Kurumsal"
"75884","MİM BİLGİSAYAR TELEKOMİNİKASYON MÜHENDİSLİK SANAYİ VE TİCARET LİMİTED ŞİRKETİ","ZEMHERİ SK., BÜYÜKDOĞU SİT., 3/A","03322385424","www.metrosis.com.tr","oceran@metrosis.com.tr","ORHAN CERAN","KONYA","SELÇUKLU","4","Kurumsal"
"759156","MAKİ BİLİŞİM LTD.ŞTİ.","GÜZELYURT MAH. KAYIN SK. NO: 3 İÇ KAPI NO: 14 KEÇİÖREN/ ANKARA","05379903454","www.tekno-referans.com","fatih@tekno-referans.com","FATIH KILIÇ","ANKARA","KEÇİÖREN","2","Kobi"
"760118","ABCKL İletişim AŞ.","GEBZE OSB","05347305555","www.logo.com.tr","nilay.sever@logo.com.tr","******* *******","KOCAELİ","*","20","Fonksiyonel İş Ortağı – İş Analitiği, Kobi, Kurumsal"
"760864","LİBER BİLİŞİM BİLGİSAYAR DANIŞMANLIK LİMİTED ŞİRKETİ","YILDIRIM BEYAZIT MAHALLESİ ERCİYES TEKNOPARK TEKNO-1 KAT:3/62","05452003800","www.liberbilisim.com","info@markabil.com","RAMAZAN AKKAYA","KAYSERİ","MELİKGAZİ","3","Kurumsal"
"761276","TECHNOSOL MMC","BAKI, NƏRİMANOV RAYONU, ƏHMƏD RƏCƏBLİ 1.","+994772182829","www.technosol.az","info@technosol.az","TOĞRUL VƏLİYEV","BAKÜ","","20","Yurt Dışı İş Ortağı"
"764211","ASYEN BİLİŞİM TEKNOLOJİLERİ SAN. VE TİC. LTD. ŞTİ.","GAZI MAHALLESI MILLI EGEMENLIK CAD. NO:43/E","05547675354","www.algoritmayazilim.net","sezer.karakan@algoritmayazilim.net","SEZER KARAKAN","GAZİANTEP","ŞEHİTKAMİL","4","Kobi"
"766253","YSM YAZILIM VE BİLİŞİM TEKN. SAN. VE TİC. LTD. ŞTİ.","KOÜ TEKNOPARK NO:A/5 YENİKÖY","02623414004","","ysm@ysm.com.tr","SEDAT YAZICI","KOCAELİ","BAŞİSKELE","9","Çözüm Geliştirme, LPT Çözüm Geliştirme"
"767632","PEAK POINT YAZILIM VE DANIŞMANLIK LİMİTED ŞİRKETİ","YILDIRIM BEYAZIT MAHALLESİ ERCİYES TEKNOPARK TEKNO-1 KAT:3/62","05452003800","www.liberbilisim.com","info@liberbilisim.com","YILMAZ SEYRAN","KAYSERİ","MELİKGAZİ","15","Fonksiyonel İş Ortağı - İş Akış Yönetimi, Kurumsal"
"76880","BİLMARK SAN. VE TİC. LTD. ŞTİ.","BATI CEVRE YOLU BULVARI, TEKNOKENT, 259, 48","05323241643","www.mim.com.tr","mim@mim.com.tr","MUSTAFA HANÇER","KAHRAMANMARAŞ","ONİKİŞUBAT","6","Kurumsal"
"769330","SENTOS YAZILIM TEKNOLOJİLERİ ANONİM ŞİRKETİ","AKADEMİ MAH. GÜRBULUT SK. TEKNOKENT TEKNOKENT\\nNO: 67 SELÇUKLU/ KONYA","03322254200","sentos.com.tr","entegrasyon@sentos.com.tr","MUSTAFA KURT","KONYA","SELÇUKLU","3","Bulut Çözüm Geliştirme, Çözüm Geliştirme, Objects Çözüm Geliştirme"
"769401","PİR YAZILIM VE TEKNOLOJİ SAN. TİC. A.Ş. (NWÇ)","KOÜ TEKNOPARK NO:B:11 YENİKÖY","02623414004","","isahin@ysm.com.tr","İBRAHİM ŞAHİN","KOCAELİ","BAŞİSKELE","2","Çözüm Geliştirme, Netopenx Çözüm Geliştirme"
"769610","TECHNITYSOFT YAZILIM DANIŞMANLIK LİMİTED ŞİRKETİ","G.M.K BULVARI, ÖZDOĞAN, 87, 17","03122210006","www.tetramuh.com.tr","ebelge@tetramuh.com.tr","TETRA SATIŞ","ANKARA","ÇANKAYA","12","Bulut Çözüm Geliştirme, Çözüm Geliştirme, Kurumsal, Netopenx Çözüm Geliştirme"
"770574","AKİLSAN MAKİNE VE YAZILIM SANAYİ TİCARET LİMİTED ŞİRKETİ","SARAY MAH. 52 CAD NO : 22 KAHRAMANKAZAN","03123340404","https://www.akilsan.com","info@rivalyazilim.com","FATİH ÖKTEM","ADANA","SEYHAN","2","Kurumsal"
"771695","PAYER YAZILIM A.Ş. (NWÇ)","YENİŞEHİR MAH. KARDERŞLER CAD. CUMHURİYET TEKNOKENT NO:7/2","08503083658","","teknik@payer.com.tr","HASAN BASRİ KOÇ","SİVAS","MERKEZ","1","Çözüm Geliştirme, Netopenx Çözüm Geliştirme"
"772582","DERYA ŞAHİN NURAY-AY IŞIĞI BİLİŞİM","HUZUREVLERI MAH.21 SOKAK AHMET RECEP BATTAL GAZI APT NO 1- KAT 5 NO 24","08505320412","www.baykallarbilgisayar.com","ahmet@baykallarbilgisayar.com","AHMET BAYKAL","DİYARBAKIR","KAYAPINAR","1","Kobi"
"775432","TARIM KREDİ TEKNOLOJİ ANONİM ŞİRKETİ","Bahçelievler Mh. 323/1 Cad. No:10/50 C","03124847070","","nurullah.demir@tkteknoloji.com.tr","Nurullah Demir","ANKARA","GÖLBAŞI","41","Çözüm Geliştirme, Objects Çözüm Geliştirme"
"778509","MARKA BİLGİSAYAR-ABDULLAH TEMİZER VE ORTAĞI","GEVHERNESIBE MAH ATATÜRK BLV TEKIR İŞ MERKEZI KAT:2 NO:76 DAIRE 2,","05059881924","https://www.markabil.com/","info@markabil.com","RAMAZAN AKKAYA","KAYSERİ","MELİKGAZİ","3","Kurumsal"
"779024","MUTLU CAN YAZILIM ANONİM ŞİRKETİ","KIŞLA MAH. 51.SOKAK 7/202","08508850431","www.atalyabilisim.com","destek@atalyabilisim.com","MUSTAFA TURAN","ANTALYA","*","2","Kurumsal"
"779677","EMA GRUP BİLİŞİM ANONİM ŞİRKETİ","KURTULUŞ MAH. 64016 SOKAK SONER APT K-1 D-1","05324798744","www.darenbilisim.com","faruk@darenbilisim.com","FARUK GÜNGÖR","ADANA","SEYHAN","3","Kobi, Kurumsal"
"780219","YSM YAZILIM VE BİLİŞİM TEKN. SAN. VE TİC. LTD. ŞTİ. (NWÇ)","KOÜ TEKNOPARK NO:A/5 YENİKÖY","02623414004","","","İBRAHİM ŞAHİN","KOCAELİ","BAŞİSKELE","2","Çözüm Geliştirme, Netopenx Çözüm Geliştirme"
"781","ABACOM BİLGİSAYAR-ADEM BİLGİN","SARAYLAR MAH. 464. SOK. DURMUŞALİ ÇOBAN İŞ MERK. NO:1 İÇ KAPI  NO:15\\n\\n05522549550-İLHAN BAŞ","08505322267","www.miscdanismanlik.com","info@miscdanismanlik.com","İLHAN BAŞ","DENİZLİ","*","2","Kobi"
"781298","MAROKİ YAZILIM BİLİŞİM DANIŞMANLIK HİZMETLERİ LİMİTED ŞİRKETİ","16110 / NİLÜFER / BURSA","05335483689","www.sygbilisim.com.tr","ruhicelik@sygbilisim.com.tr","RUHİ ÇELİK","BURSA","NİLÜFER","4","E-Logo İş Ortağı, Kobi"
"781547","İMGESOFT YAZILIMEVİ LTD.ŞTİ","GÜVENEVLER MAH. İÇ SOKAK NO:7/10","05418628420","","fatih@ftdijital.com","ÜMİT KOÇAK","ANKARA","ÇANKAYA","6","Çözüm Geliştirme"
"781764","SSTM BİLİŞİM ANONİM ŞİRKETİ","ÇAMTEPE MAH. MAHMUT TEVFİK ATAY BUL. GAZİANTEP TEKNOPARK NO: 4A, NO: 10","05513961646","http://www.adimyazilim.com/","kerem@adimyazilim.com","EYÜP DAL","GAZİANTEP","ŞEHİTKAMİL","12","Çözüm Geliştirme, Kurumsal, Objects Çözüm Geliştirme"
"78194","MY CAN BİLGİSAYAR TİC. LTD. ŞTİ.","ÇANKAYA MAH. SEDAT SİMAVİ SK. 6/2","05426922608","www.mycanbilgisayar.com","mehmet@mycanbilgisayar.com","MEHMET ALİ KILIÇ","ANKARA","ÇANKAYA","7","Kurumsal"
"783057","HEY TEKNOLOJİ YAZILIM DANIŞMANLIK SANAYİ VE TİCARET LİMİTED ŞİRKETİ","AVŞAR MAH. BATI ÇEVRE YOLU BLV. KAHRAMANMARAŞ TEKNOKENT NO: 259 İÇ KAPI NO: 48","08503052181","","info@heyteknoloji.com","ŞEREF KOCA","KAHRAMANMARAŞ","ONİKİŞUBAT","4","Çözüm Geliştirme"
"783063","MIZAN CONSULTING LLC","STR: ‘‘SPİRO MOİSİU‘‘ OB2, LOKALİ NR. 9 ARBËRİ – PRİSHTİNË","38348422228","https://mizan-consulting.com/","info@heyteknoloji.com","GANİMETE PERÇUKU HASANİ","PİRİŞTİNE","*","4","Yurt Dışı İş Ortağı"
"783150","GERÇEK BİLGİSAYAR HİZMETLERİ SANAYİ VE TİCARET LİMİTED ŞİRKETİ","AKABE MH. ALAADDİN KAP CD. NO 77","05428389590","","fatih@lodosbilisim.com","FATİH ÇAPAN","KONYA","SELÇUKLU","1","Kobi"
"783638","LOGI GROUP 2009 MCHJ","ÜZBEKİSTAN, TAŞKENT ŞEHRİ, ÇOLPANOTA SOKAK 6","998942134863","www.logigroup.uz","info@logigroup.uz","TURAL ÖMEROV","TAŞKENT","*","6","Yurt Dışı İş Ortağı"
"783777","TALHA EKŞİ","ŞÜKRÜPAŞA MH. ŞÜKRÜPAŞA 3.YOL SK. NO:13/10","02846060637","www.destekservis.com","info@destekservis.com","ORAL MUSLULAR","EDİRNE","EDİRNE","1","Kobi"
"784730","OZAN DEMİR","TEPEBAĞ MH. CEMAL GÜRSEL CD. ŞENGÖR İŞ HANI, NO:44 KAT:3, ŞENGÖR İŞ HANI, 44, 302","05416431356","www.tdteknoloji.com.tr","ibrahim@tdteknoloji.com.tr","İBRAHİM TEKDAĞ","ADANA","SEYHAN","2","Kobi"
"785329","OZAN DEMİR","TURGUTREİS MH","05312385987","oztekbilisim.com","ozan@oztekbilisim.com","OZAN DEMİR","MERSİN","AKDENİZ","1","Kobi"
"79","ÜZEYİR ALÖKMEN – RO\u0026RO YAZILIM DANIŞMANLIK HİZMETLERİ","SEYRANTEPE SANAYİ MAH. ELAZIĞ BULVARI ÇEYSA TWIN TOWERS A BLOK NO: 47 A İÇ KAPI NO: 64","05357134385","https://rorodanismanlik.com/","mustafasubasi@peakpoint.com.tr","ÜZEYIR ALÖKMEN","DİYARBAKIR","YENİŞEHİR","2","Bulut Çözüm Geliştirme, Bulut İş Ortağı, Çözüm Geliştirme, Kurumsal, Objects Çözüm Geliştirme"
"79361","NETUP YAZILIM LİMİTED ŞİRKETİ","Ali Suavi sok No:19","03122291668","www.ltr.com.tr","hamidets@ltr.com.tr","LEVENT KUBİLAY","ANKARA","ÇANKAYA","6","Kurumsal"
"79397","FATİH KÖKEN-NETLOG YAZILIM BİLGİSAYAR VE TEKN. SİST.","BAĞLIK MAH. SUPHİ KONAK CAD.  ERDOĞAN İŞ MERKEZİ KAT:1 NO:36","03723124645","www.ereglibilisim.com","bilgi@ereglibilisim.com","ÖZKAN MALHATUN","ZONGULDAK","EREĞLİ","4","Kobi"
"79457","NETVERİ BİLGİSAYAR DANIŞMANLIK VE TİCARET LİMİTED ŞİRKETİ","ÇANKAYA MAH. SEDAT SİMAVİ SK. 6/2","05426922608","www.mycanbilgisayar.com","mehmet@mycanbilgisayar.com","MEHMET ALİ KILIÇ","ANKARA","ÇANKAYA","7","Kurumsal"
"79994","NOKTA BİLGİ İŞLEM TEKSTİL PAZ SAN VE TİC A.Ş.","TEKSTİL KENT CAD. KOZA PLAZA A BLOK KAT 14 NO:54  ESENLER / İSTANBUL","03242372161","www.dijitalsistem.com","sertac@dijitalsistem.com","SERTAÇ BÜYÜKOĞLU","MERSİN","AKDENİZ","7","Çözüm Geliştirme, Fonksiyonel İş Ortağı - İş Akış Yönetimi, Kurumsal, Objects Çözüm Geliştirme"
"80003","NOKTA BİLGİSAYAR SİSTEMLERİ SAN. TİC. LTD. ŞTİ.","KEMERKÖPRÜ MAH. ESKİ KONAK CAD. NO: 101/B","03782275161","www.makrosistem.net","enginbil@gmail.com","ENGİN ERTÜRK","BARTIN","MERKEZ","7","Kobi"
"80737","NÜANS BİLİŞİM YAZILIM VE DAN. HİZ. TİC. LTD. ŞTİ.","Kazımıye Mah. Yavuz Sk. No:22/A","02826547898","www.bytebilgisayar.com.tr","suat@bytebilgisayar.com.tr","SUAT TUNA","TEKİRDAĞ","ÇORLU","3","Kobi"
"81689","OLİMPUS BİLGİSAYAR SİSTEM. MÜH. ARAŞT. GELİŞTİRME ELEK. ELEKTR. SAN. VE TİC. LTD. ŞTİ.","REŞATBEY MAH. TÜRKKUŞU CAD. DARENDELİ APT. NO:14/A SEYHAN","03224590790","www.olimpus.com.tr","olimpus@olimpus.com.tr","MURAT ÇAM","ADANA","SEYHAN","5","Bulut Çözüm Geliştirme, Çözüm Geliştirme, Fonksiyonel İş Ortağı - İş Akış Yönetimi, Kurumsal, Objects Çözüm Geliştirme"
"81722","OLUŞUM BİLGİSAYAR YAZILIM DANIŞMANLIK VE DESTEK HİZMETLERİ SANAYİ VE TİCARET LİMİTED ŞİRKETİ","1420 SOK. NO:96 K:2 D:22 KONAK","02324411236","www.olusumbilgisayar.com","olimpus@olimpus.com.tr","MURAT ÇAM","ADANA","SEYHAN","22","Kurumsal"
"81977","ONSA BİLGİSAYAR HİZMETLERİ SAN. TİC. LTD. ŞTİ.","KARAHIDIR MAH.968.SOK.NO:2U İÇ KAPI NO:1","02882147299","www.ntmbilisim.net","taneraydugan@hotmail.com","TANER AYDUĞAN","KIRKLARELİ","MERKEZ","7","Kobi"
"8289","ANATOLİA BİLGİSAYAR DESTEK HİZM. BİLİŞİM DAN. SAN. VE TİC. LTD. ŞTİ.","TURAN GÜNEŞ BULVARI 701. SOKAK NO:7/8 YILDIZ NO: 7/8 YILDIZ NO: 7/8 YILDIZ NO: 7/8 YILDIZ","03124429818","www.anatolia-cte.com","alper@anatolia-cte.com","ALPER UMUT KESKİN","ANKARA","ÇANKAYA","7","Fonksiyonel İş Ortağı – İnsan Kaynakları, Kurumsal"
"84415","PLUS BİLİŞİM DANIŞMANLIK LİMİTED ŞİRKETİ","GÜLTEPE DEMOKRASİ BULVARI ESENKENT SİT.  NO:1A/24","05462771310","-","dindarorun@orunlar.com.tr","DİNDAR ORUN","BATMAN","BATMAN","2","Kobi"
"89031","PAPİNET BİLGİSAYAR İLETİŞİM SİSTEMLERİ SAN. VE TİC. LTD. ŞTİ.","CUMHURİYET MAHALLESİ YAĞMUR SOKAK TEMEL SİTESİ A BLOK NO:10 DR:5 NİLÜFER BURSA","02242240401","www.ixirbilisim.net","info@ixirbilisim.net","COŞKUN ÖZDEN","BURSA","NİLÜFER","7","Çözüm Geliştirme, Kurumsal, Objects Çözüm Geliştirme"
"89058","PARAGON YAZILIM DONANIM VE BİLGİSAYAR TEKNOLOJİSİ SAN.TİC. LTD. ŞTİ.","KARACAMİİ MAH. MEVLÜT AKKAR CAD. NO: 25 A BLOK ZEMİN KAT KAPI NO: 2","03267558255","","farukfilge@gmail.com","FARUK FİLGE","HATAY","HATAY","7","Kobi, Kurumsal"
"90603","PLATFORM ELEKTRONİK BİLGİSAYAR SANAYİ VE TİCARET LTD. ŞTİ.","ÇAKMAK CAD., 15","03242388666","http://www.penguenbilgisayar.com","umitkocyigit@yahoo.com","ÜMİT KOÇYİĞİT","MERSİN","AKDENİZ","2","Kobi"
"91461","PROBİL BİLGİSAYAR PAZARLAMA VE PROGRAMCILIK SANAYİ VE TİCARET LİMİTED ŞİRKETİ","Macun, 16/87","03123973630","www.platformbilgisayar.com.tr","mesut.terme@platformbilgisayar.com.tr","MESUT TERME","ANKARA","YENİMAHALLE","5","Bulut İş Ortağı, Kobi"
"91553","PROTEL BİLGİSAYAR PROGRAMLAMA ÖZEL EĞİT. SERVİS SAN. TİC. A. Ş.","ESENTEPE MAH. HABERLER SOK. NO:12-14 34394\\nŞİŞLİ / İSTANBUL","05308229929","www.protel.com.tr","prodev@prodev.com.tr","B. KEKLİK","SAMSUN","İLKADIM","11","Çözüm Geliştirme, Kurumsal, Objects Çözüm Geliştirme"
"91592","MARE BİLGİ TEKNOLOJİLERİ VE YAZILIM SANAYİ TİCARET LİMİTED ŞİRKETİ","KONACIK MAH. PORTAL SOKAK ÖZMERT İŞ MRK. NO:3/A İÇ KAPI  NO:4","08504416273","www.mareyazilim.com","mare@mareyazilim.com","MURAT YANIK","MUĞLA","BODRUM","5","Çözüm Geliştirme, Objects Çözüm Geliştirme"
"91607","PROLAND BİLGİSAYAR SİSTEMLERİ - MURAT ARSLAN","ÇINARLİ MAH. İNÖNU CAD.  GÜNEP KURUKÖPRÜ İŞ MERKEZİ KAT:7 D:11","03224577413","www.prolandbilgisayar.com","murat@prolandbilgisayar.com","MURAT ARSLAN","ADANA","SEYHAN","4","Kurumsal"
"91936","PUNTO PAZARLAMA TİCARET VE SANAYİ A.Ş.","AŞAĞI  ÖVEÇLER 1322 CAD. UZAY APT. 77/2","03124961961","www.proje.gen.tr","info@proje.gen.tr","MEHMET ODABAŞ","ANKARA","ÇANKAYA","13","Çözüm Geliştirme, Kurumsal, Objects Çözüm Geliştirme"
"91966","Mehmet ÇİFTÇİ","ÇİFTLİKKÖY MAH. MERSİN ÜNİVERSİTESİ TEKNOPARK NO Z51","03242384473","www.protur.com.tr","tuncay@protur.com.tr","TUNCAY TORUN","MERSİN","YENİŞEHİR","12","Kurumsal"
"92561","REFORM BİLGİSAYAR SİSTEMLERİ TİCARET LTD. ŞTİ.","MEHMETÇIK MH 7004.SOKAK ATAŞEHIR GOLD SITESI C2 BLOK NO:10","05306635050","www.urfasoft.com","mehmet@urfasoft.com","MEHMET ÇİFTÇİ","ŞANLIURFA","KARAKÖPRÜ","1","Çözüm Geliştirme, Kurumsal, Objects Çözüm Geliştirme"
"92945","RST YAZILIM VE BİLGİ TEKNOLOJİLERİ SANAYİ TİCARET LİMİTED ŞİRKETİ","ŞARKİYE MAH. K.KARABEKİR CAD. NO:11 KAT:2 D:104  52100 ALTINORDU","05322424393","www.orduprobil.com","probil@orduprobil.com","ERCAN ÖKTENAY","ORDU","ALTINORDU","2","Kobi"
"93177","OKANSOY BİLGİSAYAR OTOMOTİV SANAYİ VE TİCARET LİMİTED ŞİRKETİ","SAVAŞ MAH. 55. SOKAK NO: 10 KAT: 2","03266145507","www.piyazilim.com","piyazilim@superonline.com","CEM YILDIRIM","HATAY","İSKENDERUN","2","Kobi"
"93615","RÜZGAR BİLİŞİM VE DAN. HİZM. SAN. VE TİC. LTD. ŞTİ.","HEPKEBİRLER M. MÜNİRE MEDRESESİ S. NO: 31 MERKEZ/ KASTAMONU","03662129653","www.rst.com.tr","resital@resital.net","ÖMER FARUK AKYOL","KASTAMONU","MERKEZ","10","Kobi"
"97963","PEHLEVAN TEKNOLOJİ A.Ş.","1200 EVLER MAH. 2035 SOK. NO:34 K:3 D:8 MERKEZEFENDİ DENİZLİ","02582654904","www.netlogyazilim.com.tr","fatihk@netlogyazilim.com.tr","FATİH KÖKEN","DENİZLİ","MERKEZEFENDİ","1","Kobi"
"99462","SDM YAZILIM HİZMETLERİ ANONİM ŞİRKETİ","QUASAR İSTANBUL - BÜYÜKDERE CADDESI NO:76 KAT:13 D:188","02122334100","www.sdmyazilim.com.tr","ertan@puntoas.com","ERTAN DEMİR","ANTALYA","KONYAALTI","10","Bulut Çözüm Geliştirme, Çözüm Geliştirme, Fonksiyonel İş Ortağı – İnsan Kaynakları, Fonksiyonel İş Ortağı - İş Akış Yönetimi, Kurumsal, LPT Çözüm Geliştirme, Objects Çözüm Geliştirme"
